USE studentadministrationstore;

INSERT INTO `Schools` (Name, Address, EducationLevel, SchoolType) VALUES 
('Schiller, Huels and Funk','20866 Suzanne River\nEphraimview, NM 90099','0','3'),
('Wintheiser-Collier','34075 McClure Street Suite 088\nDaphnemouth, NM 30051-7154','0','0'),
('Hackett-Carter','9238 Bradtke Ranch\nSusieberg, OK 54254-6861','2','1'),
('Wiza and Sons','73713 Maiya Run\nJaimehaven, HI 52429-1817','1','0'),
('Harris Inc','05450 Torphy Cliff Suite 545\nLake Gusland, FL 20675','1','1'),
('Weissnat Ltd','8441 Frankie Ford\nWest Juniushaven, ME 44955-1375','1','0'),
('Mann, Hettinger and Dickinson','44558 Gibson Curve\nMireyafort, LA 10539-0445','2','2'),
('Hackett-Doyle','86440 Schuster Keys\nCareyhaven, KS 04716','1','0'),
('Turcotte Group','5397 Roberts Skyway\nOndrickaton, KY 62606-5580','1','2'),
('Morar, Crooks and Ritchie','0565 Duane Stravenue\nWest Zaria, DE 55903-2459','1','0'),
('Bartell-Will','827 Oral Path\nSouth Carlee, MS 10800-2882','2','2'),
('Crona, Crooks and White','83219 Murray Glens\nMullerton, VA 55607','1','0'),
('Corwin, Jaskolski and Mann','4998 Considine Shores\nEast Enidshire, NM 02120-3185','2','1'),
('Heidenreich-McClure','9086 Gleichner Throughway Suite 037\nNorwoodbury, TN 10264','0','2'),
('Reynolds-Gusikowski','31173 Rodrick Crescent Suite 472\nPort Allie, HI 86746-8453','2','1'),
('Kris-Stracke','847 Quinten Mills\nDamarisbury, ID 85694-2158','0','2'),
('Leffler PLC','537 Haley Pass Apt. 872\nMcCulloughbury, NH 45368','0','1'),
('Rowe-Hirthe','0390 Kristy Circles\nDonnellychester, NJ 23344','2','3'),
('Grant, Crist and Herzog','2762 Kling Landing Apt. 336\nSouth Vanmouth, IL 97856','2','3'),
('Bartoletti, Dietrich and Ondricka','99699 Brakus Underpass Apt. 804\nWest Marta, WA 22672-9397','1','0'),
('Mueller PLC','06652 Goodwin Street Apt. 607\nWest Terrytown, NV 31995-5318','0','3'),
('Schinner, Hintz and Gottlieb','891 Morissette Gateway Suite 254\nFayfurt, MO 42009-3881','2','0'),
('Ratke Ltd','8847 Charley Summit Apt. 179\nHilllview, MA 12393-3244','2','1'),
('Hackett, Rosenbaum and Murazik','9969 Duncan Station\nNorth Bernhard, NM 35090','1','0'),
('Bernier Inc','16157 Christiansen Landing\nNew Frederiquetown, IN 22023','1','2'),
('Wilkinson-Jast','0818 King Meadow\nKerlukehaven, MI 89554-2355','1','3'),
('Beer-D\'Amore','45375 Pfannerstill Lodge\nJonasville, OH 02647-4377','0','3'),
('Brown-Tremblay','4638 Glover Ford\nFramifurt, AL 52118','2','3'),
('Pacocha, Bradtke and Tillman','872 Ezekiel Turnpike\nNew Earlene, WA 34138-9549','1','3'),
('Herman-Stokes','97464 Jadyn Harbor\nDameonburgh, AK 76225','1','2'),
('Nolan-O\'Hara','0168 Mallory Junctions Suite 506\nNorth Joyce, RI 82755','1','2'),
('O\'Connell Group','671 Ledner Brooks\nNew Generalburgh, DE 02816','1','0'),
('McLaughlin-Simonis','99657 Pagac Ranch Apt. 963\nSchmidthaven, NC 07154','0','1'),
('Rau PLC','76269 Susanna Tunnel Apt. 592\nNorth Jazminberg, WA 00607','0','0'),
('Aufderhar-Conn','86828 Simonis Estate\nKolbyview, UT 78593','1','1'),
('Mertz Inc','8369 Mya Place Suite 108\nSouth Guiseppefurt, CA 19396-7086','0','0'),
('Wisozk-Ernser','387 Korey Station Suite 671\nPort Kimberlyview, SD 80641','2','2'),
('Sanford, Klein and Kunze','3247 Loyce Fall\nSawaynport, UT 56924-6383','1','3'),
('Glover, Simonis and Hodkiewicz','2092 Miller Crescent Apt. 743\nRosefort, MT 47112-7862','0','1'),
('Mohr, Tromp and Reichel','564 Edwin Land Apt. 858\nNorth Samsonburgh, SD 89226','2','1'),
('Greenfelder, Barrows and Gibson','2754 Renner Lane\nMorartown, UT 18464-6736','0','2'),
('Bashirian and Sons','021 Hansen Lake\nShanahaven, WY 78589-8870','0','0'),
('Fadel Group','73976 Gaston Meadows\nNew Berniefort, MI 22772-3301','2','1'),
('Dare, Botsford and Hane','134 Skiles Alley Suite 692\nLake Mohammadland, TX 41759','2','3'),
('Kunde-Reichel','1673 Hermann Meadow\nEffertztown, OH 27877-6339','2','0'),
('Muller Inc','670 Erdman Unions Apt. 376\nLake Hailey, IL 08933-0875','1','3'),
('Jerde-Kunde','0750 Lexus View Apt. 225\nHarveyberg, UT 54751','1','0'),
('Schamberger and Sons','884 Bogan Curve Apt. 959\nHaleyhaven, NV 04325','0','3'),
('Oberbrunner-Herzog','65107 Cassandre Place Apt. 599\nNorth Arnoldville, NJ 55663','0','3'),
('Erdman-Blanda','4607 Lynch Camp Suite 444\nLake Carey, OR 39567','0','1'),
('Hayes-Braun','39175 Susie Tunnel Apt. 288\nEast Jackeline, NJ 41122','1','3'),
('Gleichner Ltd','5026 Larson Center\nWunschfurt, NM 10554-1492','1','2'),
('Jast, Parisian and Sauer','44101 Effertz Hills Suite 704\nNorth Lailafort, MI 76353-6119','0','3'),
('Howe PLC','280 Filiberto Mill Apt. 658\nStarkhaven, MN 34447','2','1'),
('West and Sons','130 Virginia Road\nMonahanbury, UT 35012-4984','0','0'),
('Lueilwitz-Johnston','41714 Beth Springs\nWest Heaven, WI 52197-6734','2','1'),
('Littel Group','38580 Koepp Ways Suite 826\nWest Andy, WY 01736','0','2'),
('Smith-Luettgen','48269 Annette Curve Suite 520\nDuncanhaven, MD 35235-7375','2','3'),
('Streich PLC','09948 Ratke Canyon\nHudsonborough, PA 50783-1924','2','2'),
('Pollich Ltd','95766 Sadye Freeway Apt. 240\nLake Brendonport, MO 22298','1','2'),
('Flatley, Green and Mohr','3434 Kiera Loop Apt. 776\nPort Lourdesburgh, IA 85444-3584','1','0'),
('McCullough-Bogan','088 Windler Parkways\nSouth Maddison, WI 21404','1','3'),
('Hoppe-Bartoletti','20441 Predovic Passage\nPurdyberg, TX 50576','2','3'),
('Monahan, Smitham and Halvorson','826 Walter Walk\nNicolastown, GA 09098','1','3'),
('Moen LLC','20139 Gwendolyn Heights Suite 758\nPfefferside, OH 43004-1672','2','3'),
('Schamberger-Smitham','053 Nienow Harbors Apt. 290\nNorth Alfredaberg, AK 12943','0','1'),
('Schoen-Torp','547 Stanton Via Apt. 815\nBeahanstad, KY 97887-8063','0','3'),
('Kertzmann-Wyman','17411 Kuhn Circles Apt. 605\nSouth Zettaland, KS 51617-6518','2','1'),
('Stanton, Hintz and Harris','678 Abdullah Road\nNew Adellmouth, WI 78126','0','1'),
('Mosciski Inc','57582 Americo Fields\nKameronmouth, DE 39089','2','2'),
('Nolan, Vandervort and Aufderhar','0249 Rau Inlet Suite 100\nStokesberg, MS 28501','1','2'),
('Lynch-Russel','20905 Armand Drives Apt. 883\nEast Roslyn, DE 93555-4640','1','2'),
('Turner Ltd','356 Rosenbaum Island\nRyanview, TN 15189','2','1'),
('Frami LLC','94860 Fred Freeway Apt. 470\nO\'Harachester, SD 04623-9589','1','0'),
('Senger Inc','19199 Bednar Crescent Suite 086\nSouth Eunice, SD 14087','1','3'),
('Kirlin PLC','1501 Benton Key\nPort Octaviatown, KY 43499','1','3'),
('Schmitt, Quitzon and Walsh','4229 Roslyn Square\nNew Chaya, MO 95662','0','1'),
('Crona-Nienow','33577 D\'angelo Green\nPort Houstonview, NJ 53928','0','1'),
('Fay and Sons','3663 Blanda Trail Apt. 738\nSouth Laurine, WI 14172-0690','2','0'),
('Stokes, Wiegand and Paucek','8359 Janet Ford Apt. 677\nLednerbury, DC 36091-4272','1','2'),
('Hettinger Ltd','41845 Schoen Ways\nLeaview, IN 08599','2','1'),
('Moore, Hilpert and Mertz','2653 Werner Forest\nLloydshire, DC 96916-1060','0','1'),
('Jenkins-Glover','94781 Franecki Tunnel\nCronintown, LA 97681-5924','2','2'),
('Reichel LLC','66029 Reichel Summit Apt. 994\nMelvinaburgh, OH 33736-0011','0','0'),
('Kunde, Grimes and McKenzie','78580 Nils Rapids\nMoenborough, NH 35406','2','2'),
('Waelchi-Hansen','0776 Kimberly Green\nRheaville, NJ 30255','1','1'),
('Bartoletti-Walsh','168 Gorczany Mills Apt. 964\nWymanton, FL 15776','2','0'),
('Orn-Raynor','77282 Kreiger Stravenue\nKaymouth, NM 10544-9411','0','1'),
('Nader and Sons','330 Toy Courts\nBartolettiport, CT 19953','2','2'),
('Little and Sons','695 Kali Forest\nCroninport, TN 78109','1','1'),
('Bernier PLC','82301 Parisian Vista\nOndrickaview, OH 36526-2799','2','1'),
('Raynor PLC','461 Dashawn Mountain\nSarahberg, IA 32133','0','1'),
('Ankunding, Wilderman and Cummerata','7488 Braun Pike Apt. 586\nNorth Dylan, IL 06127','1','1'),
('Russel, McLaughlin and Mayer','47292 Salvador Stream Suite 156\nZacharybury, AR 37833-2283','0','3'),
('Koch-Kuphal','858 Kaylie Branch Apt. 058\nLake Jakeview, RI 07967','1','3'),
('Feil-Larkin','372 Lottie Mills Suite 222\nRusselview, PA 84869','0','1'),
('Waelchi-Waelchi','7805 Kassandra Underpass\nSouth Bernardmouth, IN 15115','1','1'),
('Hintz Group','11022 Emely Pike\nNorth Bradymouth, NJ 48419','2','2'),
('Beer LLC','64701 Neva Flat\nKautzershire, TN 39782-8561','0','2'),
('Hamill, Skiles and Rolfson','47183 Marisa Viaduct Apt. 111\nMeggiebury, MN 32488','0','1'); 



INSERT INTO `Courses` (SchoolId, Title, Description) VALUES 
('1','Aut qui vel asperiores aliquid a.','Magni hic sequi autem quo vitae voluptatibus. Aperiam perspiciatis est natus et cum veritatis exercitationem quibusdam. Voluptates nobis architecto voluptas iste quibusdam fugit.'),
('2','Illum pariatur qui id recusandae beatae eos et.','Ut tempora enim occaecati. Magnam ut at dolores tempora quia. Animi est nihil deserunt excepturi beatae. Ut corporis explicabo ipsum at illum.'),
('3','Et cum necessitatibus voluptas qui quia modi.','Quo ut aut deserunt repellendus et vitae. Repudiandae consequatur aliquid magnam quis. Dolor sapiente voluptas praesentium nihil omnis.'),
('4','Ut placeat sed et nihil.','Repudiandae rem quis et impedit autem beatae. Rerum ut et ut magnam animi. Vitae ut qui iure molestiae. Itaque esse dolore iste eaque minima nemo esse.'),
('5','Rerum quae quas quibusdam esse nam impedit accusamus.','Maxime ut occaecati soluta tempore illo. Dolor fugiat molestiae explicabo minima aut voluptate et dicta. Qui eius consequatur ut atque. Vel aliquid libero quaerat odit ut reiciendis.'),
('6','Nemo tempore ut nihil aspernatur.','Voluptatem sed labore qui odio voluptatem sed rerum. Accusantium reprehenderit est numquam aspernatur sit deserunt. Dolorum illum reprehenderit cupiditate rem sit quos. Hic aspernatur dolor ut.'),
('7','Est et eaque quos facilis tempore quasi ullam quia.','Ipsa maiores nobis commodi. Ut quia et neque at ullam laborum maxime. Id placeat ratione est nam sequi.'),
('8','Tempore et autem consequuntur eos animi.','Rem qui quis adipisci consequatur tempora. Delectus corrupti beatae perspiciatis et. Sint rem expedita non deleniti pariatur unde maxime. Aut adipisci soluta quasi fugit et et facere.'),
('9','Est voluptate cupiditate quas aut eos cum est ea.','Id iusto provident eius cum qui accusamus. Quae nostrum iure dolor ut itaque molestiae. Nostrum vitae dolorum ducimus distinctio dignissimos. Voluptas ea enim excepturi alias soluta molestias.'),
('10','Aperiam repudiandae sequi nihil animi et dolor facilis.','Ut cupiditate alias non corporis officia asperiores doloremque. Consectetur voluptatibus illum accusamus. Voluptatibus similique non aspernatur ullam sunt. Laudantium sunt aliquam facilis ducimus maxime qui magnam architecto.'),
('11','Minus ut totam porro corporis omnis ab ipsum.','Aut voluptatem iure vel nihil doloribus sed sequi cupiditate. Fugit quis natus laudantium est libero sed et. Facilis laboriosam et qui doloribus.'),
('12','Ut possimus non ea earum ipsa quis qui voluptas.','Necessitatibus eum qui cupiditate nihil. Perspiciatis veniam accusamus odio ut illum consectetur. Id odit cumque aliquid a reiciendis iure esse.'),
('13','Et doloribus possimus impedit est aut et cum.','At sequi deleniti facilis doloremque. Omnis dolor ipsam incidunt est natus ratione. Sed excepturi impedit ad ex quas sunt rerum.'),
('14','In necessitatibus veniam voluptas in nesciunt possimus sed.','Molestias ut ad sit est et ut. Necessitatibus blanditiis quae suscipit accusantium. Reiciendis vel dolor et illum iste ullam aut ipsam. Sunt in officia aut dolores eum animi.'),
('15','Enim sint voluptatibus iure temporibus dolore facere.','Ut nam iste saepe quia. Sed repudiandae suscipit ea consequuntur repudiandae. Qui vel voluptatem id. Error eum reprehenderit error distinctio dolorem sed sunt.'),
('16','Delectus expedita quaerat perspiciatis eum nostrum magni et.','Hic fugiat inventore beatae sapiente. Neque totam repellat sit dicta quisquam aut ea magni. Aliquid laboriosam et aut aut quaerat distinctio. Excepturi qui possimus magnam quos.'),
('17','Corporis odio nesciunt eum nihil.','Soluta repellendus eos sit rerum. Quae corrupti delectus qui dolorem excepturi cumque error. Dolores est nihil voluptatem voluptatem fuga cum. Sint tempora consequatur et alias in iusto.'),
('18','Sed aspernatur veniam necessitatibus voluptates occaecati.','Illo nulla magnam dolore natus. Ullam minima debitis quos velit dolore est unde commodi. At ullam sapiente consequatur labore. Delectus repellendus aut et ratione quis pariatur.'),
('19','Nihil ipsa quia illo neque est distinctio quisquam et.','Ipsum rerum est enim est. Pariatur libero rerum quis ipsam dolores. Id dignissimos dicta quis ipsum. Laudantium vel ad ea ex laborum.'),
('20','Perferendis sit aliquam dolorem doloribus.','Magni et aut praesentium tempora saepe quisquam. Delectus quo quo ducimus odit non dolor. Placeat omnis placeat aut odit odit sit a nobis.'),
('21','Alias aperiam assumenda quo dignissimos eum vitae voluptas atque.','Dignissimos et enim illo. Est voluptatem voluptas velit quidem. Fugit rerum vero autem est aspernatur aut dicta. Et amet temporibus aspernatur ratione.'),
('22','Ducimus quo placeat eum.','Molestiae temporibus sit ratione alias. Magnam quis nisi itaque aut. Beatae aliquam eos deleniti autem. Reprehenderit omnis quas sunt consectetur dolores aut.'),
('23','Natus quo ad repellat vel.','Consequuntur sint explicabo beatae. Eveniet illum dignissimos voluptatem voluptate. Illo inventore ullam ducimus eaque.'),
('24','Et dolorem ea deserunt.','Nobis dolores commodi a numquam cupiditate. Fuga libero veritatis dignissimos qui soluta. Quaerat est ab suscipit et perspiciatis amet magnam at. Et accusamus quia iure inventore voluptates optio et.'),
('25','Dolore odio incidunt asperiores aspernatur inventore reprehenderit nemo.','Corrupti itaque iusto odio ratione voluptatem enim. Dolorem temporibus ad non perferendis modi aut. Eius illum minus explicabo inventore neque aut quasi commodi.'),
('26','Facilis delectus qui sunt ex.','Non aut sed sit ut eaque aut et optio. Ut totam at sed tempore quaerat repellendus.'),
('27','Ipsam ipsam voluptatem maiores ducimus.','Dolores enim et commodi eos deserunt deleniti. Aliquid quisquam cupiditate facere odit.'),
('28','Quasi non explicabo corrupti.','Expedita sunt iusto harum dolorem. Et et sit aut perspiciatis numquam est quae.'),
('29','Cumque et ut eos repellendus laboriosam voluptatem.','Maiores est voluptas quo numquam. Dolorum nemo voluptate dolorem minus. Sapiente optio veniam enim est quam illum.'),
('30','Earum qui iste tenetur cupiditate nam hic odit.','Sit quaerat quos est quia odio quo. Sit minima distinctio minima ut assumenda omnis. Quia hic dolorem quas atque et.'),
('31','Dolore quia fugit et error blanditiis qui.','Exercitationem eum voluptatem magnam voluptatum repellendus omnis qui. Dolore ut dolor voluptatem qui omnis aperiam laboriosam. Voluptatum ut laboriosam dolore minus delectus molestias est. Molestias eum optio odio commodi fugiat eos.'),
('32','Excepturi accusamus neque hic placeat doloremque ea.','Sit sunt hic in. Quo enim quasi alias porro assumenda asperiores eum. In eos expedita reiciendis ut deleniti. Et aut aspernatur cum pariatur iusto doloribus officiis atque. Omnis molestiae ullam consectetur sint dolores est et.'),
('33','Sapiente quia quis et sunt odio quas.','Sapiente ipsam id eius ab. Aut voluptas odio aut ad sit provident repudiandae. Voluptates magnam ea officia rem et minima. Quibusdam porro minus atque recusandae dolorem consequuntur.'),
('34','Et repellendus autem ut iure vero voluptatem.','Repellendus eos culpa nihil. Aut expedita sit quia necessitatibus ducimus. Ipsa architecto et perferendis. Quas quaerat fugit quia praesentium.'),
('35','Repellat qui ex qui unde rerum delectus perspiciatis.','Voluptatibus voluptates dicta nulla molestiae quis dolor aliquam. Dolor placeat sit ut tempora vero tempora.'),
('36','Nihil earum et blanditiis omnis culpa esse aut nam.','Vitae est ipsum laboriosam aut hic. Id amet nemo quam quas nostrum.'),
('37','Veritatis ad error consectetur amet inventore.','Quia voluptas voluptatem ut culpa. Necessitatibus recusandae repudiandae ut et voluptatum.'),
('38','Eos placeat asperiores numquam velit.','A nostrum impedit quam ea nam et enim quis. Ex in id quis laborum reprehenderit voluptates omnis. Ea sunt fuga ratione quia sed labore possimus itaque. Qui et molestiae eum et cum eos repellendus.'),
('39','Eum qui fugiat odit culpa qui dolorem excepturi.','Suscipit aut reiciendis maiores consequatur dolorem dolores tempore et. Eum sequi quos aut non temporibus aut neque. Enim consequatur distinctio iusto fuga voluptates vitae deserunt.'),
('40','Doloremque aspernatur totam debitis porro.','Ipsa exercitationem suscipit consequuntur iure vel harum aperiam. Ut optio optio rerum. Error voluptatem debitis occaecati voluptatem quia.'),
('41','Deleniti est assumenda qui officiis qui praesentium et.','Dolore quis in ad quibusdam hic. Harum maxime ad corporis incidunt. Consequatur consequatur eaque excepturi quia distinctio debitis repudiandae. Officia vel commodi qui id omnis dolorem quia.'),
('42','Dicta commodi deserunt illo.','Modi nulla maiores harum rerum ducimus officiis. Autem et hic in ut impedit eum. Nam quia blanditiis hic sint officiis. Magni enim neque officia fugit earum rerum.'),
('43','Numquam delectus illo nam accusamus ea.','Soluta cupiditate voluptas quam saepe esse ut. Ratione nostrum rerum eos quo harum. Ut a dolores ratione sapiente culpa ut adipisci. Laboriosam laboriosam voluptatem minus excepturi.'),
('44','Atque voluptatibus tempore accusamus accusamus laboriosam tempore.','Et quos molestiae non officia aspernatur voluptatem quia inventore. Quo itaque dolore qui veritatis optio. Voluptate esse vel voluptatem quibusdam nobis quas impedit. Et ipsum dolorum aut aperiam quidem nemo.'),
('45','Modi dolores architecto impedit voluptatibus minus quam quam.','Dolorem deleniti nobis et. Et esse sint numquam ut non provident.'),
('46','Eveniet tenetur atque ad pariatur ipsam porro assumenda.','Excepturi suscipit vero eum sapiente voluptatem. Veritatis dolores at hic nam nemo pariatur soluta. Fugit excepturi magnam corporis quas et quo dicta quae. Accusantium consectetur eum est adipisci praesentium autem quae accusantium. Similique perspiciatis ullam delectus consequatur sequi voluptatum.'),
('47','Repellat quaerat est earum animi ut.','Voluptates cupiditate ea in consequuntur nihil error. Ea quidem tempore dicta qui non ea velit. Eos sunt accusamus consequatur repellat ex natus consequatur. Amet omnis placeat ut consectetur at aut consequatur ullam. Eum eaque molestiae voluptates mollitia blanditiis.'),
('48','Quod aut rerum quis voluptate.','Corrupti exercitationem optio ab sed nam. Repudiandae numquam ullam qui quam illo numquam id. Laudantium debitis cum blanditiis accusantium placeat. Molestiae recusandae porro suscipit et libero suscipit natus.'),
('49','Molestiae et deleniti vel est.','Praesentium quibusdam omnis deleniti rem. Sint non aut et accusantium est consequatur nisi fugiat. Accusantium cumque aut eum et fugit.'),
('50','Distinctio aut sit suscipit mollitia ipsum.','Optio reiciendis quibusdam dolores vitae quasi officia. Eligendi et facilis ut sed asperiores illo. Temporibus est quasi sint ipsam officia est eveniet ut. Voluptatum tempore fugit tempore accusamus animi quod autem. Officia excepturi sint vero dolorem reiciendis dolores enim autem.'),
('51','Et eos voluptas ea accusantium tempore nihil.','Dolorem necessitatibus nostrum sunt eaque. Aperiam officiis consequatur voluptas. Qui placeat molestiae nulla delectus quia. Est sunt nihil perspiciatis similique quidem ratione quis consequatur.'),
('52','Voluptas amet voluptate voluptas iusto eum consequatur ex quod.','Expedita quo perferendis distinctio. Quibusdam est delectus et rerum. Unde est distinctio aspernatur non.'),
('53','Soluta vitae mollitia eos aspernatur.','Debitis quibusdam occaecati magni dolore. Error eius ut eos reiciendis omnis.'),
('54','Necessitatibus vel velit quis aliquam.','Sunt nisi ut fuga veritatis. Sed soluta omnis et qui maiores harum. Quasi ipsum quis voluptatem. Qui aliquid et cum repudiandae rerum voluptatem numquam.'),
('55','Ipsum illo autem quo voluptatem.','Et facilis sapiente et sint deleniti tempore perferendis. Libero incidunt doloremque aspernatur odio voluptate. Nemo et error similique voluptas eius ab aliquam ad. Deserunt delectus rerum voluptas. Quas labore itaque pariatur nesciunt qui nobis nostrum.'),
('56','Cum nobis nemo debitis at nobis.','Sapiente iste expedita earum ad quidem est. Laboriosam aut rerum perferendis voluptate molestiae aliquam sunt. Reiciendis aliquid ut nostrum tempora rerum. Error reprehenderit perspiciatis repellendus totam rem facilis provident.'),
('57','Sed dolorum ex sit.','Consequatur sit aut provident repellat assumenda in. Maxime dolor et soluta nobis qui aut. Aut veritatis fugiat sit.'),
('58','Quidem dolor natus dicta.','Nisi dolores odio illo debitis. Cumque repellat in repellendus. Expedita mollitia est omnis dolore recusandae. Quia vitae mollitia perferendis mollitia blanditiis quas.'),
('59','Nesciunt nam eum asperiores soluta.','Id rerum excepturi nostrum veniam dolor totam rerum sit. Recusandae et non et cum. Quo optio quam dolor ratione. Consectetur dignissimos tenetur rerum rem.'),
('60','Cum saepe et neque assumenda eos temporibus quisquam.','Et quis eum sint eligendi. Sed ut sed qui eum nobis. Laborum unde aspernatur molestiae molestias eum minus. Voluptatem optio reprehenderit nihil.'),
('61','Voluptas aut ad in provident.','Nesciunt atque tempore similique nihil accusantium deserunt tempora. Reiciendis maiores minus dolore aut officiis id.'),
('62','Alias dolorem quasi doloremque ut doloribus et.','At omnis sed ut ex ut. Qui non quos quod qui tempore reiciendis autem. Voluptatem dolorum possimus maiores distinctio.'),
('63','Nulla perspiciatis sunt voluptatum nemo fugit magni.','Omnis vitae fuga ab eos possimus minus. Repellat possimus rerum atque voluptatibus. Nihil omnis et dignissimos rerum. Est ut id nisi alias.'),
('64','Qui est possimus est aut a repellendus sint nam.','Nihil architecto laboriosam aut aut id dolorem tempora. Est debitis est repudiandae amet rerum. Corporis et culpa sint in. Ipsa iste voluptas dolor beatae soluta assumenda ratione laborum.'),
('65','Quis saepe nihil rem ex.','Corrupti sunt assumenda magni cumque. At quod id impedit. Culpa dolores sapiente quia ut.'),
('66','Alias ipsam eveniet voluptates placeat sed et beatae.','Est corrupti illum mollitia. Nihil placeat explicabo beatae quod. Voluptatem eum sunt vel tempore quae quis sed nesciunt. Rerum ut asperiores ab consequatur provident.'),
('67','Alias tempora necessitatibus earum aliquam quod tempora.','Maiores doloribus ea sed. Nobis est blanditiis qui quidem quo suscipit. A quisquam cumque esse consequatur ipsum itaque reprehenderit. Adipisci delectus cumque fugiat beatae tempore non sint.'),
('68','Debitis odit dolorem quibusdam molestias esse.','Nobis necessitatibus autem doloremque. Cumque accusantium est ab adipisci perferendis tempora. Id provident totam est dignissimos.'),
('69','Quos veritatis voluptas enim.','Debitis omnis nemo laboriosam eum corrupti inventore vero. Id architecto harum maxime praesentium sed iste. Odio exercitationem quis qui aliquam ea voluptatem labore. Eveniet dolorum laboriosam dolor.'),
('70','At laborum molestiae et non minima.','Est rerum facere ea aspernatur eligendi. Molestiae harum dolorem harum. Beatae sit molestiae aut nulla reiciendis voluptatem dicta consectetur. Quisquam quas aut et aut. Quae laboriosam vel vitae dolore tempora magnam incidunt voluptatem.'),
('71','Commodi nostrum assumenda a deleniti.','Quaerat qui minima quidem vel. Quia ut nobis est inventore quis modi. Est rerum quo est enim et.'),
('72','Qui laborum quis dolores autem et eius omnis.','Rerum dolor minus veritatis cumque non. Quaerat ipsa aut sed eaque. Consectetur laboriosam temporibus optio consectetur voluptatem quos tempore. Officia nemo animi est.'),
('73','Numquam atque adipisci corporis debitis.','Quam fugit dolore optio consequatur. Iusto fugit quo rem odit autem dolorum. Laborum saepe repellendus animi in molestias aut.'),
('74','Fuga qui odit accusantium harum.','Officiis et veritatis voluptates. Laborum delectus aut et sint eius ut saepe. Quis soluta dicta quia.'),
('75','Eligendi cumque officia error dolor.','Repudiandae enim nam dolorem vel. Aut autem quasi rerum cupiditate ut sit dolorum. Explicabo et aut illum dignissimos dolor qui. Quos at corporis nostrum occaecati neque impedit. Consequatur ut et excepturi consequuntur eligendi repellat placeat id.'),
('76','Dolores sit aut et.','Sed porro vel quis officiis. Praesentium sint fugit ut ipsum sint reprehenderit.'),
('77','Ab non quos omnis maiores.','Aut nam sit corrupti sunt. Sequi ea vel voluptatem voluptatem dolor. Rem saepe minus voluptas atque a. Dolore tempora ut deserunt sit. Sint eaque distinctio quo non nulla aut.'),
('78','Nostrum reiciendis cupiditate dolor est.','In praesentium tenetur possimus accusamus qui itaque. Autem itaque voluptatem incidunt nihil a nihil amet. Excepturi nulla exercitationem autem voluptas consequatur illum. Ratione saepe fuga officiis eum saepe.'),
('79','Aliquam et ut nesciunt ipsa eum alias mollitia.','Numquam et quo dolorem quaerat vero. Enim reiciendis laudantium placeat eum suscipit sapiente reiciendis. Quo architecto tenetur quibusdam aspernatur totam sunt.'),
('80','Sunt ut est aperiam aut qui.','Est quia accusamus id suscipit dolorum et. Nostrum aliquam voluptatem saepe dignissimos quia aliquam voluptate. Ut nulla et nostrum blanditiis commodi earum. Tenetur voluptas cumque quam aliquam.'),
('81','Et praesentium corrupti molestiae laudantium ab dicta debitis odit.','Perspiciatis sit et eveniet dolores possimus. Sit sunt eum quod quia sed unde. Sequi iusto non hic est quis id.'),
('82','Saepe voluptatem excepturi ut et.','Tempore et sint ratione culpa. Eos consequatur illum est nulla totam doloremque ducimus. Aut consequatur excepturi possimus ipsum. Perferendis molestias tempore dolorum eum nulla. Sit architecto praesentium aut soluta iure voluptatem.'),
('83','Occaecati quae est doloremque molestiae.','Ducimus quos voluptas ipsum repudiandae dolores. Et vel odit voluptas quos eos. Quas sed fugiat tempore sint sit quo. Minima maxime et qui sunt in consectetur.'),
('84','Quo consectetur non et voluptas distinctio id.','Ducimus in incidunt et cupiditate ratione omnis recusandae cupiditate. Est consequuntur quae veniam ut et. Nostrum ut tempore iusto facilis cum. Voluptatum voluptatem laborum quae aut.'),
('85','Repellendus non ducimus harum repellendus.','Est sint modi autem suscipit repellat dolore asperiores. Neque beatae exercitationem et debitis saepe. Ipsam illo non illo dolor earum. Nobis voluptatem facere in.'),
('86','Qui repellat nihil natus dolorum soluta.','Officia et non quibusdam sunt. Nulla vel atque sit ut excepturi sit in.'),
('87','Illum maiores dolores quia nemo ut.','Quam similique dolorem ex illum perspiciatis velit eum atque. Sed eos temporibus numquam quia mollitia corrupti. Laboriosam unde excepturi modi autem illo saepe et id.'),
('88','Aliquid voluptatem officiis ut enim delectus amet.','Amet consequuntur tempora voluptates blanditiis alias. Vero sed recusandae ipsam eaque quis. Aperiam qui quia perferendis voluptates reprehenderit.'),
('89','Perspiciatis ducimus sequi omnis occaecati aliquam aliquam.','Est magni consectetur labore neque laborum sit doloremque numquam. Dolor nam itaque sit et a iste quibusdam. Voluptas atque cum rerum laborum.'),
('90','Ratione autem explicabo et necessitatibus eligendi libero debitis.','Illum dolorem cumque laudantium nulla. Iure et qui reprehenderit. Quam quisquam ducimus dolorem. Quidem veritatis doloremque adipisci perspiciatis.'),
('91','Est corrupti ea quia et exercitationem laudantium dignissimos tempora.','Quas cumque officiis quasi. Quia repellat maiores necessitatibus vel dicta. Beatae amet consequatur amet nihil ut vel. Nobis voluptas eum quis saepe.'),
('92','Architecto rerum est possimus in possimus doloremque provident.','Saepe dolorem est itaque eos aspernatur animi. Temporibus iusto doloremque commodi tenetur minima similique neque. Tenetur aut ut omnis similique.'),
('93','Enim quo laborum aut veritatis ullam rerum pariatur.','Inventore veritatis est tempora eos et non inventore. Fugit amet non deleniti ducimus. Voluptas quia quos animi inventore eligendi. Quo quia in voluptates ipsam doloribus quod vel. Excepturi maxime eaque voluptas sint inventore consequatur molestiae.'),
('94','Illo repellat quo qui quae sit provident.','Minima aut dolorem quis expedita rerum ut. Impedit eos aut et omnis molestiae autem. Doloribus non ex omnis qui. Amet blanditiis sunt explicabo aperiam est.'),
('95','Iusto dolorem tempore et velit in.','Quam amet occaecati voluptatem autem qui vero. Neque est eveniet eaque fugiat porro recusandae quam voluptatibus. Est est et eligendi officia voluptas. Aut est voluptatem est tempora et temporibus.'),
('96','Consequuntur placeat vel temporibus rerum ea cum qui.','Vitae qui aliquid dolores officiis doloremque enim. Ab aut molestias odio dicta unde esse. Et libero et quasi incidunt totam sint in. Quidem voluptas eaque voluptas et ex quibusdam cum.'),
('97','Facilis ipsum nam deleniti eveniet laborum labore non totam.','Quia id dolores et natus. Reiciendis voluptatem excepturi error aut. Ut asperiores voluptas et neque voluptates dolor. Reiciendis voluptas nemo fuga qui similique.'),
('98','Repudiandae omnis corrupti magnam consectetur neque cupiditate repellat.','Enim sit voluptatem commodi odit labore et. Odio dolores recusandae quidem ea. In ad et est aut. Sequi hic molestias doloribus aut officiis voluptatem voluptas.'),
('99','Commodi et et unde voluptatem exercitationem dolor.','Et sit quia quo eveniet. Saepe quae dolorem sed quis. Dignissimos amet necessitatibus perferendis sit sed. Dolorem libero numquam id voluptate modi ea molestiae.'),
('100','Sunt nemo ducimus ducimus magnam alias repudiandae deserunt tempore.','Tempora perferendis quia dolor et optio. Nesciunt repellat id sit ut est sit. Aut impedit nostrum quod corporis et officia.'); 



INSERT INTO `Students` (SchoolId, Name, Address, Email, PhoneNumber) VALUES 
('1','Dr. Elmo Johnson','8761 Jackson Underpass\nHavenhaven, MI 02511-5880','dbins@example.org','99513724'),
('2','Gregory Towne MD','12237 Hudson Forest\nWest Laviniaport, DE 85479-0098','reichert.davonte@example.org','14509315'),
('3','Adelle Hermann','61585 Kaya Coves\nMacyfort, KY 96313-5754','maryjane27@example.com','68611472'),
('4','Dayne Erdman','71361 Therese Extension\nEast Tom, HI 10972','rico.mccullough@example.org','66944057'),
('5','Major Schroeder','3134 Danny Courts Suite 174\nJessycaland, FL 57255','hilbert36@example.net','54494641'),
('6','Dr. Enoch Renner PhD','08113 Grimes Dale\nHeavenmouth, ID 45346-0600','hammes.august@example.org','36625195'),
('7','Jane Price','296 Aurelie Forks Apt. 840\nColinfort, MI 88004-9120','dan31@example.net','78535801'),
('8','Dr. Jamir Ratke','2767 Corwin Forge\nPort Ansleymouth, MI 51409','legros.maurine@example.org','26044161'),
('9','Prof. Marjolaine Heathcote','9042 Myrtice Pines Suite 697\nKeatontown, IN 56620-7753','cullen76@example.com','80081096'),
('10','Buford Nienow','71537 Bartoletti Drives Apt. 727\nNew Janis, VT 63914','reinhold06@example.com','18237675'),
('11','Raphael Jacobs','264 Danika Pines Apt. 327\nLake Enamouth, HI 02169','darion00@example.org','37881192'),
('12','Mr. Victor Kohler','0753 Mauricio Freeway Suite 094\nAlialand, WA 89499-4237','grimes.harvey@example.net','62946588'),
('13','Frankie Feeney','1026 Schultz Pine\nNew Westley, ND 84103-9844','johnston.devin@example.org','22666291'),
('14','Otho Greenholt Jr.','302 Stroman Heights\nLake Stellafort, UT 80828-6525','cassidy.reichert@example.org','69746997'),
('15','Ms. Carley Bashirian II','6120 Roslyn Knoll\nChloechester, HI 42067-3191','thelma.herman@example.com','54900651'),
('16','Rex Bosco','7050 Carter Valley\nKleinchester, MT 44290-2265','gwen.boyer@example.net','93018714'),
('17','Deondre Wintheiser','33419 Swift Passage\nEast Natalie, HI 56920-7480','ardella.frami@example.net','97149933'),
('18','Ilene Adams','9824 Farrell Mount\nWest Heleneshire, MS 48673','izulauf@example.org','78192063'),
('19','Eriberto Kulas','8302 Conroy Drive Suite 865\nWest Paolo, CO 68983-7235','haley.bell@example.org','56282815'),
('20','Prof. Shawn Morar Sr.','9785 Price Pike\nKerlukehaven, CO 05182','mann.markus@example.org','64015428'),
('21','Amely Oberbrunner','93545 Shanahan Underpass Suite 197\nEast Evertland, AZ 84420','cecile.carter@example.com','56849290'),
('22','Ignacio McGlynn','8201 Hackett Parkway\nSouth Pabloton, MN 10782','tevin20@example.net','23993173'),
('23','Prof. Moriah Pollich Sr.','1989 Dallin Field\nEast Aida, DE 31809-8836','deborah12@example.net','70827828'),
('24','Shany Tillman','004 Stiedemann Plaza Apt. 353\nPort Moshe, NH 24852-3384','timmy07@example.com','98299137'),
('25','Annetta Collier','552 Asia Points Suite 126\nNew Caterina, IA 56717','kiley16@example.com','77300396'),
('26','Ludwig Nitzsche','67562 Yessenia Stream Apt. 307\nPort Bridie, VT 71291','taryn.mclaughlin@example.net','57753685'),
('27','Mrs. Lucy Hettinger','380 Zaria Pass\nLake Ora, WY 86244','hudson.reyna@example.net','81619333'),
('28','Orin Leannon','787 Moen Motorway Apt. 944\nNew Orinhaven, AR 81744-6028','wvolkman@example.net','81258434'),
('29','Miss Vicky Hansen','120 Schulist Extensions Suite 476\nTurnerhaven, OR 79627-1910','fgorczany@example.org','49801479'),
('30','Dr. Mireya Cassin DDS','662 Jerde Green Apt. 443\nBaumbachfurt, SD 29949','mabelle50@example.org','44358942'),
('31','Magdalena Koss','2594 Windler Via Suite 094\nNorth Shanaborough, MI 04176-6922','trenton54@example.net','99430254'),
('32','Carolyne O\'Connell','2295 Cornelius Rapid\nSouth Abdielhaven, NE 20303','mills.itzel@example.com','43691696'),
('33','Ms. Reyna Cronin','7643 Ursula Ville Suite 061\nWest George, AL 47210-1520','reta.boehm@example.org','54949401'),
('34','Eloise Bailey','3936 Sporer Mission Apt. 898\nNorth Dereck, PA 86929','jalyn.keebler@example.org','99221640'),
('35','Felipa Jenkins','91670 Llewellyn Lake\nLake Alainachester, TN 18040-2603','schoen.alessia@example.com','18155606'),
('36','Effie Waters Sr.','168 Jonas Ford Suite 999\nWest Kyleigh, MA 60266','dominic00@example.org','76106819'),
('37','Lucious Olson','480 Evert Mews\nLake Buford, UT 83921-9858','rae.heller@example.net','99058720'),
('38','Terrance Renner IV','120 Donnelly Center Suite 619\nLake Kylie, NH 24919','tremblay.franz@example.com','46776887'),
('39','Cristina Dickinson','5110 Becker Mountains Suite 314\nSouth Vicentemouth, OK 61074-9297','wilderman.cody@example.org','95936960'),
('40','Cortney Conroy','29456 Ebert Union\nGaylordville, WA 29772','nhodkiewicz@example.org','96716318'),
('41','Missouri Paucek IV','2073 Roob Springs Apt. 537\nKlockoview, TX 98561','macey.mosciski@example.com','79355122'),
('42','Rubye Beatty','9285 Wiza Dam Suite 081\nEffertzshire, WI 09206','daron45@example.org','59010894'),
('43','Dr. Myron Lesch','62568 Kreiger Circles\nWeldonborough, RI 04842-5198','gsawayn@example.org','66269329'),
('44','Mr. Lon Williamson DDS','8336 Lester Spurs Suite 996\nLeliaside, MS 05035-0633','quinn.koss@example.com','56150438'),
('45','Manuel Lesch','33653 McCullough Falls Apt. 316\nOsbornemouth, TN 82143-6561','schinner.elinor@example.com','89322987'),
('46','Justus Doyle','3088 Fiona Inlet Suite 379\nKayleeport, CO 28190','opal07@example.org','25109008'),
('47','Mikayla Ziemann','9261 Runolfsdottir Parkways\nPort Santino, HI 71999-8513','hhaag@example.org','34362231'),
('48','Rosalyn Hessel','01951 Berge Overpass Apt. 394\nLake Jessica, TX 14714-4583','jazmyn.hamill@example.org','18767516'),
('49','Kaia Feeney','1743 Clementina Corners\nSouth Nestor, NE 81508-2469','elias.kuphal@example.net','84411331'),
('50','Dora Weber PhD','9316 Barrows Vista Suite 578\nHaleyview, PA 77474-3359','bednar.brenna@example.net','77380390'),
('51','Jesus Feil','7530 Eryn Radial Apt. 789\nWest Lia, MN 08920-0340','kub.cassandre@example.com','75638718'),
('52','Pauline Kris','3348 Schultz Coves Suite 194\nHowellmouth, TN 13360-7953','lchamplin@example.com','95132609'),
('53','Carolanne Lynch','8936 Okuneva Glens Apt. 906\nPort Bernadine, WY 39571-3739','jena99@example.org','45103321'),
('54','Aglae Jast IV','951 Mertz Gateway\nColeview, GA 92873-2613','tmarquardt@example.net','97359552'),
('55','Hattie Donnelly','504 Collins Spring Suite 150\nRunolfsdottirville, CT 15951-3566','ezra.o\'hara@example.com','74673880'),
('56','Kenneth Murphy','75997 Libby Stream\nSchneiderborough, AL 92844','bradtke.damon@example.org','39068457'),
('57','Mrs. Antonietta Boyle IV','3805 Abbott Lights Apt. 772\nWest Cory, UT 19823-9112','srippin@example.org','93421494'),
('58','Prof. Luis Tromp Sr.','16288 Graciela Street Apt. 758\nMelissaburgh, ID 97976','steve.armstrong@example.com','67726203'),
('59','Bailey Erdman','52045 Julie Passage Suite 105\nNorth Ernaport, WV 85296-7280','nicolas17@example.com','27097924'),
('60','Janis Ryan','868 Neva Glen Suite 935\nPort Cliftonville, AK 61283-4175','jones.adelle@example.com','69931706'),
('61','Frederic Hyatt','742 Gutkowski Camp Suite 019\nWizahaven, MS 37864-4880','brittany39@example.com','21965648'),
('62','Bobby Schaden','9334 Michael Common\nLake Clintontown, DE 19069','rodger.crooks@example.net','87436392'),
('63','Leatha Beier','51316 Aliza Causeway\nEast Agnes, ME 14344-8429','alexanne.maggio@example.org','88305532'),
('64','Prof. Tevin Quitzon Jr.','701 Sheila Stream\nWiegandside, ME 61255','chaya82@example.org','42091766'),
('65','Dr. Alexie Thiel','9808 Fritz Courts\nFisherland, IL 32692-6064','aiyana.kuhn@example.com','52376380'),
('66','Craig Baumbach','6742 Spencer Place Suite 734\nPort Juneborough, VA 16490','herzog.arnaldo@example.com','36475136'),
('67','Dr. Rebeka Hilll Jr.','99663 Winston Fall\nBorertown, NE 57486-9610','ojohnston@example.org','52277716'),
('68','Valentin Gorczany','162 Elna Circle\nMcGlynnhaven, MS 09543-2571','dtowne@example.net','39833245'),
('69','Keaton Stanton','335 Leopoldo Corner Apt. 281\nNew Aliaville, AL 33956-4420','ryder.goldner@example.com','25914256'),
('70','Mona Wolff','432 Jimmy Route Apt. 290\nEast Nicholaus, MA 23308-7466','qgaylord@example.org','38800909'),
('71','Chelsey Lindgren','02052 Jaylin Crossroad Suite 969\nBaileyview, VA 68806-6792','xfritsch@example.net','50310505'),
('72','Emil Weber','11416 Luciano Green\nPricefurt, UT 17761','josh60@example.net','63727928'),
('73','Lonnie Schaden','412 Sipes Forks Apt. 491\nEast Zionchester, MD 24600','burley.boyer@example.org','72960028'),
('74','Bill Hoeger','72380 Bell Locks Suite 899\nHegmannstad, ID 38383-3047','amy33@example.org','47265943'),
('75','Miss Myrtie Kutch','76319 Obie Valley\nAshtynmouth, ID 73479','ray16@example.org','92389715'),
('76','Miss Allison Heller','7293 Lamont Turnpike Apt. 583\nPort Emanuel, AL 63262-2998','candace50@example.org','86882759'),
('77','Prof. Amiya Grady Sr.','2955 Schroeder Lake\nEast Luellaside, ND 27073','eve.adams@example.org','14851651'),
('78','Miss Alvina Stark I','952 Conn Rapid\nNorth Brandychester, NY 74337','nigel30@example.com','30320525'),
('79','Dora Hettinger','0676 Woodrow Fields Apt. 268\nCharlesside, RI 33954','fwalsh@example.org','88186998'),
('80','Noemi Huel','0480 Jedidiah Neck Suite 884\nMoenmouth, NY 35694-0789','white.elijah@example.com','26527583'),
('81','Lempi Hintz','711 Schulist Points Apt. 257\nZboncakberg, MS 63022-2930','shakira.breitenberg@example.com','43216204'),
('82','Eino Goyette PhD','26338 Tierra Parkway Apt. 978\nNew Laurel, WI 99058-8640','john.nitzsche@example.org','56785291'),
('83','Kayley Sawayn','0385 Roob Roads Apt. 049\nBorerland, MS 35532','kokuneva@example.com','50485409'),
('84','Candelario Spencer I','47063 Wendell Square Suite 600\nWest Dereckburgh, MI 54284','brooke61@example.net','13517573'),
('85','Hilma Stanton','00314 Ila Keys Apt. 967\nWest Susanport, LA 30409-7862','tatyana25@example.com','11220521'),
('86','Dante Watsica','946 White Track\nLake Hilarioburgh, FL 24382','giovanni.ortiz@example.com','78859714'),
('87','Elyse Mante','38659 Koch Run Suite 215\nSammouth, VA 71759','nwalker@example.net','14659640'),
('88','Humberto Rempel','847 Darion Mills\nNannieshire, NH 65384','maeve.luettgen@example.com','88873838'),
('89','Alvah Von','287 Howell Grove Apt. 481\nHagenesstad, MO 81604','abbigail23@example.net','13355819'),
('90','Breanne Homenick','527 Cruickshank Lights Suite 572\nNorth Tyrese, MD 08920','eleonore.herman@example.net','72774174'),
('91','Leilani Ankunding I','963 Little Run Suite 435\nLake Lonniehaven, TX 53786','dock52@example.org','94574842'),
('92','Mr. Maynard Larson','46872 Boyer Mount\nSouth Laverna, ID 34741','bechtelar.osbaldo@example.com','52181504'),
('93','Prof. Lourdes Hirthe','0801 Vergie Ridges Apt. 063\nConsidineport, LA 86828','xlemke@example.org','66775742'),
('94','Alta McGlynn','901 Jevon Loaf Apt. 316\nJohnathontown, IA 25073','felicity86@example.net','13000494'),
('95','Dr. Delia Spinka III','807 Smith Greens Apt. 467\nMayramouth, MT 78204','vbahringer@example.org','76370606'),
('96','Addison Hodkiewicz','04482 Marjory Field Apt. 406\nGerholdton, IA 32208','gust69@example.net','76398925'),
('97','Myah Weber','745 Kohler Viaduct\nLake Hope, AK 49216','miller.kimberly@example.net','42117805'),
('98','Julie Auer','6284 Harvey Center Apt. 930\nPort Madaline, MD 52793-3153','larkin.brenda@example.org','94535870'),
('99','Carolyne Rowe','387 Blick Fords\nNorth Vivienberg, MO 24761-7877','florida60@example.net','57200889'),
('100','Dane Wuckert','00002 Jacinto Inlet\nPort Zetta, KY 71336-2781','ray.sawayn@example.net','56351021'); 



INSERT INTO `Teachers` (SchoolId, Name, Address, Email, PhoneNumber) VALUES 
('1','Dr. Barbara Sawayn DVM','0927 Jaskolski Divide\nPort Stoneborough, AZ 68307-3879','kirlin.chyna@example.net','33618021'),
('2','Elisa Padberg','2758 Ellen Garden\nJerrellmouth, VT 87586','tommie.spinka@example.com','40203104'),
('3','Raphaelle Bahringer','011 Balistreri Drive Apt. 408\nSouth Brigittefurt, AR 50854-3639','hhartmann@example.org','47787448'),
('4','Moises Lockman DVM','20555 Alize Lights\nLesleyton, WA 28710','clarabelle58@example.com','30493005'),
('5','Kennith O\'Conner','1704 Jackie Corners\nSouth Braxtonfort, ME 75196','jordi69@example.com','76772662'),
('6','Rey Stokes','6989 Frances Burg Apt. 251\nWest Eltonport, MO 37735','arne.kerluke@example.org','25816659'),
('7','Dr. Scottie Jacobs','15692 Markus Place\nCollinsfort, VA 28169-4266','konopelski.estefania@example.net','75327602'),
('8','Franco Waters MD','1344 Leonel Trafficway\nPriceburgh, KY 00704','noelia18@example.com','91131267'),
('9','Miss Amanda Monahan DVM','5828 Satterfield Ridges\nPort Jocelynmouth, NV 14840-9827','hirthe.oral@example.org','54306273'),
('10','Prof. Odell Hagenes','959 Krajcik Parkway\nNew Clemmie, MI 94750','gaylord.savion@example.org','97579563'),
('11','Osbaldo Torphy MD','11263 Hackett Forest Suite 099\nEast Lesley, WY 70299-9003','friesen.christop@example.net','86495538'),
('12','Mrs. Aurelia Collins Sr.','3783 Gorczany Harbor\nPort Jerrell, PA 24753','talia68@example.com','49847675'),
('13','Emilio Greenholt','088 Matt Spurs\nPort Lorentown, CO 64538','sawayn.brandyn@example.org','34115046'),
('14','Ransom Kirlin','669 Konopelski Stream Apt. 678\nWest Marielabury, MI 84426','juston29@example.org','17057399'),
('15','Mr. Rex Smith II','294 Toy Overpass Apt. 031\nJaclyntown, VA 84634','o\'connell.narciso@example.com','76885127'),
('16','Prof. Mikayla Witting PhD','910 Bernice Stravenue\nBergstrombury, RI 77894','sid29@example.org','92867906'),
('17','Clementina Braun','40363 Hackett Parkway Apt. 779\nNew Hellen, KY 70817-1679','rowe.emil@example.org','71534810'),
('18','Shad Rice','98645 Skiles Via Apt. 458\nLeilastad, SC 91037','dhodkiewicz@example.com','61597099'),
('19','Reilly Kshlerin','916 Johns Green Suite 960\nZboncakstad, DE 28203','greg01@example.com','27620320'),
('20','Dameon Osinski','334 Rutherford Isle Suite 180\nSouth Wyattton, WY 98594-3104','eryan@example.org','76291121'),
('21','Granville Runte PhD','86106 Savion Haven\nNew Sylvan, AL 76130','brown.joy@example.org','25512724'),
('22','Ariane Bruen Sr.','26726 Rolfson Pike Suite 840\nKshlerinside, SD 69175','newell77@example.com','70527082'),
('23','Marilyne Rippin','1696 Spencer River Suite 868\nWest Yadira, DC 03403','bbahringer@example.org','92166483'),
('24','Caterina Dickens DVM','06880 Renner Villages Suite 201\nHarmonyfurt, NV 02516','rodrigo.jerde@example.net','82712170'),
('25','Prof. Romaine Altenwerth','584 Barton Tunnel Apt. 699\nLake Stephon, FL 43312-2597','candelario62@example.org','58927338'),
('26','Otho Hayes IV','8035 Amelie Valley Apt. 744\nMosesbury, WY 26618-6915','qschuster@example.org','74865223'),
('27','Ada Corwin PhD','42034 Haley Gateway Apt. 601\nPort Evalyn, SD 20601','cboyle@example.org','37478629'),
('28','Mr. Tyreek Mitchell','221 Wilderman River\nNew Paulaview, MO 83423-4221','minerva66@example.net','59521988'),
('29','Milan Cartwright','2986 Shanon Trail Suite 180\nPort Alessandramouth, NM 80177','yost.raegan@example.org','62643160'),
('30','Lue Boyle','254 Imelda Union Apt. 948\nJenashire, AK 96752','fahey.neoma@example.com','45985558'),
('31','Rodolfo Tillman','922 Gonzalo Views\nCatherinefurt, LA 00214','gcummerata@example.com','77070797'),
('32','Odie O\'Reilly','40470 Lueilwitz Stream\nNew Marcelinoview, NE 25640-2269','rolfson.zella@example.com','69016933'),
('33','Prof. Heidi Stoltenberg','243 Joyce Dam Suite 933\nEast Rosannaville, CT 49203','cyril.huels@example.net','59339048'),
('34','Mrs. Marlee Labadie DVM','3737 Devin Dale Apt. 510\nBoyerside, HI 61183','swift.shawn@example.com','24239651'),
('35','Prof. Rachelle Murazik','385 Billie Pine Suite 767\nLonieville, RI 49549-2916','tiana72@example.net','20899804'),
('36','Ms. Aylin Collier','987 Quigley Greens\nLake Carmelfort, TX 55116','dlabadie@example.org','64560097'),
('37','Ariane Steuber','46584 Boyle Groves\nNewtonberg, LA 07728','icasper@example.net','64836613'),
('38','Jaiden Brekke','181 Laisha Street\nSouth Johathan, TX 71148-5582','koch.guillermo@example.org','21019946'),
('39','Karlee Armstrong Jr.','447 Kunde Viaduct Apt. 506\nEast Eunicefurt, OR 98383','kallie.rice@example.com','24436030'),
('40','Dr. Chris Leuschke Jr.','416 Franecki Springs Apt. 550\nPort Alyshaville, IA 90657-6516','yhyatt@example.com','61977350'),
('41','Trystan Hahn','122 Corwin Creek Suite 561\nPort Anastasiaborough, TX 87280-4709','oreynolds@example.org','49877842'),
('42','Miss Retha Ritchie Jr.','43133 Hamill Mission\nLake Katarina, AL 02465','jessy.turcotte@example.net','52142990'),
('43','Jadyn Reynolds','7052 Eugene Wall\nSchmittview, PA 24724-5625','korbin.torp@example.com','66190110'),
('44','German Lind','166 Langosh Mission Suite 678\nAbnerburgh, DC 63199','konopelski.berta@example.com','29688783'),
('45','Erica Leannon','8800 Turner Falls Suite 918\nMetzmouth, PA 28759','awintheiser@example.net','23574613'),
('46','Violette Kuhlman','46401 Purdy Hills Apt. 695\nLeschport, SC 07014','kara96@example.org','60795115'),
('47','Serena Maggio III','65221 Witting Mountain\nKaelaburgh, TX 20675-1925','ffisher@example.com','46519351'),
('48','Juana Flatley','05058 Hahn Circle Apt. 636\nNew Orlofort, IA 47660-6060','lexi.schroeder@example.org','23272866'),
('49','Dr. Iva Mills II','75758 Cesar Underpass\nGeorgiannashire, MO 06672','cjohnston@example.net','40099038'),
('50','Albert Hahn','9881 Daugherty Stravenue Apt. 966\nSouth Kathleen, OR 81737','bauch.dandre@example.com','66922645'),
('51','Justice Becker','8086 Berneice Fork\nSouth Ericka, WI 05236-5806','kirlin.rebeca@example.com','43805672'),
('52','Elisabeth Corkery','1466 Orn Square Suite 939\nGerhardton, DE 06289-4705','nicolas.dale@example.org','37726158'),
('53','Nathanael Mills','4702 Evans Motorway\nAlfonzoland, ND 05487','collins.frieda@example.com','48719816'),
('54','Prof. Deon Thiel DDS','1315 Marlin Rest Suite 696\nNorth Ned, IA 67421','taryn.glover@example.net','11359758'),
('55','Laila Berge IV','36948 Langosh Points\nPort Rexville, LA 65602','bmurazik@example.com','64772048'),
('56','Prof. Aletha McCullough MD','626 Thelma Dam\nCandidochester, DC 46050-0455','marlene52@example.net','35188298'),
('57','Dr. Eriberto Wilderman Sr.','4434 Schmidt Fords Suite 138\nEast Jaylen, TN 07636','uprosacco@example.com','73150167'),
('58','Prof. Gus Hansen II','5582 Kassulke Pike\nMarjoryville, MO 56698-7927','ystanton@example.com','13792119'),
('59','Mr. Marc Adams','15890 Hammes Alley\nMarshallville, DC 99491','fisher.dakota@example.org','53332323'),
('60','Sincere Douglas','2102 Loyce Views Suite 129\nMalindaton, VT 09216-2512','alden.bogisich@example.com','86346971'),
('61','Prof. Conor Bernier Jr.','16273 Willow Brooks Suite 782\nEast Allene, IL 15733-3898','ctorp@example.net','32258516'),
('62','Kameron Hartmann','30170 Melisa Avenue Apt. 958\nPacochachester, SD 44773-4655','kreiger.gabrielle@example.com','27062048'),
('63','Heather Roberts','79532 Crist Island\nPort Chasityland, NE 76586-7268','willms.syble@example.net','11872341'),
('64','Ms. Hortense Funk','943 Heller Brooks Suite 095\nPort Nannieburgh, IA 04087-9676','stella34@example.com','22190913'),
('65','Jaden Harber','7315 Vandervort Mount\nLake Daxfort, NM 92780-8393','horn@example.net','78169945'),
('66','Anderson Pfeffer Sr.','72403 Willms Port Suite 436\nEast Antoninahaven, MA 74967','omurphy@example.net','79676540'),
('67','Elise Hartmann V','909 Abbie Isle Suite 509\nRosenbaumchester, TN 11427-8738','brendon.miller@example.com','21673605'),
('68','Prof. Delbert Stamm PhD','181 Beier Port\nErdmanshire, MN 52026-8837','bulah90@example.net','59310473'),
('69','Dr. Fritz Jast Jr.','54399 Royal Prairie\nSouth Jenniferborough, NV 02734','crawford.quitzon@example.com','11709856'),
('70','Carlie Paucek','2813 Schumm Lights\nJuddshire, MS 25307','heaney.freddy@example.com','58740374'),
('71','Cole Sanford Sr.','98078 Cole Light\nNorth Kellyville, WA 80865-2018','hudson.deon@example.com','51708270'),
('72','Bethel Boehm','4185 Wintheiser Forges\nBartellland, AL 72360','lynch.benny@example.org','97447425'),
('73','Aniyah Luettgen IV','593 Yazmin Street Suite 885\nReichelland, VA 48377-6234','assunta.gulgowski@example.org','56797850'),
('74','Chloe Kozey II','600 Lane Pike Apt. 166\nFisherborough, WY 14918','tatum.pfeffer@example.com','74330158'),
('75','Miss Kassandra Windler','45148 Rice Radial Suite 861\nMooreburgh, MA 35486','delores31@example.com','95308254'),
('76','Miss Maye Dach','7593 Freida Flats\nRaheemville, NC 93484-2789','von.paris@example.net','15848141'),
('77','Simeon Collier III','48016 Kacey Shoal Suite 775\nNorth Trisha, HI 58625-4269','elinor.quigley@example.com','44415692'),
('78','Kaylee Conroy II','5801 Agustina Station Apt. 538\nNew Josie, OK 88681','melody.nienow@example.org','59911748'),
('79','Gianni Mertz','53211 Doyle Ports Apt. 968\nEast Destinytown, NY 13986-7954','eichmann.althea@example.net','22697087'),
('80','Mr. Roderick Gerlach','0120 Javier Brooks\nNorth Vicky, VA 03876-1568','karina25@example.net','40726979'),
('81','Natalia Schoen','543 Terrell Terrace\nEast Meggiestad, WI 09577','bell83@example.net','72726785'),
('82','Hudson Bruen','586 Shane Ranch Suite 660\nSouth Jillian, NV 79532-4709','kurt07@example.com','18465995'),
('83','Prof. Arvel Hegmann','130 Brown Stravenue Suite 496\nBrucetown, ID 27589-5142','margarette.larkin@example.net','23878259'),
('84','Javon Ferry','89245 Hauck Key Apt. 311\nLilytown, IN 91832-2547','nolan.edmund@example.org','14422048'),
('85','Neil Little','71334 Elinor Pines Suite 187\nSouth Hailiebury, HI 12596','crona.tara@example.net','70945849'),
('86','Ralph Hackett','5854 Simonis Key\nLake Maximuschester, RI 58974','eschoen@example.net','48566415'),
('87','Rusty Harber','275 Greenfelder Spur Suite 777\nSouth Generalmouth, CA 98690-3698','emoen@example.net','41336976'),
('88','Rachelle Schaefer','45536 Goldner Forks\nNorth Liana, MD 73109','rahsaan35@example.com','48027226'),
('89','Dr. Shanon Marvin MD','1441 Bergnaum Inlet Apt. 360\nWestleymouth, MN 48641-1503','vharris@example.org','24980625'),
('90','Miss Bridie Herzog Jr.','1728 Johnson Road Suite 561\nEast Houston, NV 50541','hans47@example.com','40901231'),
('91','Grayce Kunde III','9059 Mariana Knoll Apt. 126\nZachariahstad, DC 33215-0036','lspencer@example.org','36073980'),
('92','Dr. Nyasia Gleason','298 Gerhold Spur\nDavismouth, VT 02817','shawna.feest@example.com','51982282'),
('93','Leonor Fahey','17814 Zemlak Streets\nSouth Alessandroburgh, NV 21313','kathryn37@example.org','32429893'),
('94','Henriette Dietrich','893 Quitzon Prairie Apt. 666\nPort Dagmarmouth, ME 72101','olittel@example.com','83703360'),
('95','Brandi Nikolaus','9292 Greenfelder Springs\nPort Meredith, GA 09451','pd\'amore@example.org','48926425'),
('96','Brown Ledner','062 Schimmel Manors\nElliotburgh, NE 36155','slegros@example.org','16113792'),
('97','Cleveland Lesch','600 Bergstrom Trafficway Apt. 070\nEast Casimer, KS 30573-4774','wunsch.julie@example.org','38097894'),
('98','Mr. Agustin Sauer DVM','04890 Stephanie Summit\nPort Daisy, IL 11264','ohegmann@example.com','86689870'),
('99','Mrs. Reyna Franecki','841 Rae Lights\nWest Greenhaven, LA 44904','harvey.jaylin@example.net','96338731'),
('100','Sincere Deckow','911 Abner Mission\nWillfort, OK 07035','izemlak@example.org','94077797'); 



INSERT INTO `Grades` (CourseId, StudentId, Score) VALUES 
('1','1','2'),
('2','2','10'),
('3','3','12'),
('4','4','0'),
('5','5','4'),
('6','6','7'),
('7','7','-3'),
('8','8','0'),
('9','9','10'),
('10','10','4'),
('11','11','0'),
('12','12','10'),
('13','13','4'),
('14','14','0'),
('15','15','10'),
('16','16','7'),
('17','17','4'),
('18','18','2'),
('19','19','-3'),
('20','20','4'),
('21','21','10'),
('22','22','0'),
('23','23','2'),
('24','24','-3'),
('25','25','2'),
('26','26','4'),
('27','27','4'),
('28','28','-3'),
('29','29','12'),
('30','30','0'),
('31','31','7'),
('32','32','10'),
('33','33','10'),
('34','34','2'),
('35','35','12'),
('36','36','12'),
('37','37','4'),
('38','38','10'),
('39','39','0'),
('40','40','10'),
('41','41','12'),
('42','42','2'),
('43','43','2'),
('44','44','-3'),
('45','45','7'),
('46','46','4'),
('47','47','-3'),
('48','48','2'),
('49','49','2'),
('50','50','-3'),
('51','51','-3'),
('52','52','10'),
('53','53','7'),
('54','54','2'),
('55','55','2'),
('56','56','10'),
('57','57','10'),
('58','58','4'),
('59','59','7'),
('60','60','10'),
('61','61','7'),
('62','62','4'),
('63','63','-3'),
('64','64','4'),
('65','65','-3'),
('66','66','2'),
('67','67','12'),
('68','68','10'),
('69','69','12'),
('70','70','7'),
('71','71','0'),
('72','72','-3'),
('73','73','0'),
('74','74','-3'),
('75','75','4'),
('76','76','4'),
('77','77','4'),
('78','78','4'),
('79','79','-3'),
('80','80','7'),
('81','81','-3'),
('82','82','-3'),
('83','83','2'),
('84','84','12'),
('85','85','10'),
('86','86','-3'),
('87','87','7'),
('88','88','10'),
('89','89','-3'),
('90','90','0'),
('91','91','-3'),
('92','92','10'),
('93','93','10'),
('94','94','0'),
('95','95','2'),
('96','96','2'),
('97','97','7'),
('98','98','12'),
('99','99','7'),
('100','100','-3'); 



INSERT INTO `Lessons` (Description, Location, DateTime, Duration, CourseId) VALUES 
('Velit sequi similique esse maiores natus. Necessitatibus dicta dicta voluptas qui neque assumenda repudiandae. Numquam dolorum sapiente pariatur quia necessitatibus assumenda.','3433 Kadin Route Suite 405\nLake Aliyahbury, VT 77665-1306','2020-01-31 01:45:36','165','1'),
('Aut rerum voluptatem iste velit quia tempore. Alias quo temporibus enim dolorum. Voluptas itaque voluptatem et. Eaque nihil vel veniam commodi non est inventore.','634 Leannon Island\nKilbackberg, MT 08695','2018-07-25 22:45:39','30','2'),
('Libero eos architecto debitis eos consectetur. Ea optio et fugiat ut delectus. Culpa ut qui doloremque voluptatibus est vitae. Est aut aut dolorum asperiores velit modi itaque.','3674 Taylor Landing Apt. 433\nLake Markushaven, HI 89637','2019-12-17 05:51:06','120','3'),
('Quam et animi voluptas odit. Provident impedit maxime cupiditate ut voluptatem. Sit culpa fugit numquam ipsa. Molestiae doloribus et molestiae esse nulla sapiente facilis. Qui fugit tenetur magni facere consequatur animi expedita.','6088 Celestine Drive Apt. 546\nNorth Oleta, NV 38098-9431','2019-08-10 10:53:32','165','4'),
('Debitis dicta dolores omnis iste quaerat. Eligendi voluptatem totam doloribus accusantium exercitationem iusto. Possimus voluptatem porro sed optio saepe qui. Aut dolore itaque autem.','177 Sven Hills Apt. 607\nLake Jaysonbury, AL 05553-2619','2019-12-11 23:30:49','90','5'),
('Quia exercitationem dicta et sapiente est facilis. Enim dolores recusandae praesentium et exercitationem dignissimos. Mollitia quaerat repellendus assumenda deserunt voluptate libero expedita itaque.','0375 Mitchell Way Suite 051\nEast Gregorytown, SD 11357','2020-02-15 07:42:19','165','6'),
('Velit exercitationem facilis commodi odit. Temporibus eum animi fuga quia pariatur quam.','7789 Anibal Coves\nSouth Luther, NJ 70531-1769','2018-05-08 03:40:52','60','7'),
('Voluptatem optio numquam ab vitae. Cumque qui rerum a aut modi asperiores. Odio sit doloremque nesciunt. Voluptas sit veritatis ullam libero aut illo.','8000 Frida Springs Apt. 890\nNorth Ludie, AZ 68500-2734','2018-05-15 03:47:17','165','8'),
('Id quae illo dolor suscipit. Quas eos fugit illum quia corporis quaerat est. Omnis ut facilis quam officiis aperiam. Voluptatibus corrupti tempora alias quia dolor.','0642 Reynolds Bridge Suite 284\nTreyfurt, MD 22054-5271','2019-03-23 05:42:44','180','9'),
('Nihil itaque aspernatur recusandae recusandae minus. Ut aut rerum aut quas sequi. Delectus quam nobis eaque natus illum rerum.','9298 Dorthy Point Suite 108\nCassinton, WA 51101','2018-06-24 02:54:49','150','10'),
('Reiciendis tempora voluptatem culpa. Quae aperiam facere laborum in molestiae recusandae aut. Et libero est quas laudantium sapiente. Neque corporis sunt expedita et in.','2981 Delmer Creek\nMartinechester, WA 65888','2019-04-24 14:23:23','135','11'),
('Aut est et animi officiis voluptas illum ut. Aut culpa in dicta.','5550 Jaqueline Lakes Suite 461\nHarveyfort, MA 14575-5974','2020-01-26 23:29:27','75','12'),
('Facilis necessitatibus aperiam a repudiandae iusto adipisci. Ipsa doloremque vel accusamus in et.','926 Kelli Shoal\nBreanamouth, VT 69957','2019-08-29 17:40:34','150','13'),
('Maxime voluptatem consequatur est nam aut. Autem hic vel ullam molestias sed placeat. Quaerat soluta dignissimos voluptatem beatae deleniti.','921 Alva Island\nGilestown, IA 18142','2018-06-25 13:00:22','150','14'),
('Quibusdam quo dolor magnam. Ea accusamus ea fuga minima.','312 Schroeder Ville\nUllrichmouth, CT 06606-1622','2018-12-13 17:37:05','105','15'),
('Molestiae quia eos non sed assumenda aut. Blanditiis cum dolorem sint itaque excepturi rerum vel doloribus. Iusto fugiat velit nihil corporis. Rerum qui quos deserunt eum.','47339 Elaina Circles Apt. 328\nEast Blair, HI 42230-7421','2020-02-26 10:17:08','150','16'),
('Est libero quidem porro dolores. Deserunt commodi est autem dolorem cumque dolores. Quae vero saepe voluptate labore voluptatum odio qui.','690 Helmer Turnpike Suite 983\nWeissnatport, FL 68082','2019-06-26 18:23:36','60','17'),
('Vel a est atque. Dolorum cumque repellendus iste animi blanditiis accusamus aut. Reprehenderit porro possimus dolores ipsum et.','0834 Ernesto Ways\nHarveymouth, AZ 95553-4044','2019-01-18 21:11:11','45','18'),
('Assumenda blanditiis voluptas neque velit. Dolores at nihil ullam sed. Itaque cumque voluptas porro omnis.','409 Kelsie Crossing\nSchultzside, MS 26893','2020-03-05 23:57:28','180','19'),
('Necessitatibus laborum earum cum voluptates numquam dignissimos. Vel quas tenetur dolor amet sed tenetur non et. Ab dicta autem vel voluptas.','30643 Dach Landing Suite 067\nLake Turnerbury, WI 61852-4026','2020-03-05 09:17:07','135','20'),
('Ut reiciendis reiciendis consectetur ea est consequuntur. Et sint non quia neque dolorem ullam vel. Facilis dicta qui eligendi asperiores nobis omnis qui vel. Sint consequatur atque eaque quia.','524 Dell Center\nLake Orenmouth, NY 71292','2019-02-19 00:08:15','60','21'),
('Eum placeat nam fugiat. Voluptatem accusamus temporibus saepe molestias dolorem molestiae non. Modi tempore error placeat quia. Repellendus eaque fugit explicabo error velit ullam error. Necessitatibus eaque facilis illo eaque sed nihil aut.','340 Jordi Wells Suite 275\nPort Joelle, FL 58272-4852','2018-09-06 07:02:34','30','22'),
('Quae nisi et vel. Dolores non ducimus et consequatur natus. Hic voluptatem praesentium rerum sunt non recusandae. Commodi reprehenderit omnis suscipit et ducimus dolorem dignissimos.','201 Velma Island\nEast Oliver, WY 23980-7913','2020-04-28 02:22:16','120','23'),
('Quia ab unde eius. Dolor perferendis ipsum suscipit fuga exercitationem expedita. Aliquam natus sint minus sapiente est maiores. Et voluptas alias unde rerum dolores ducimus quasi.','524 Abigayle Shore Suite 811\nPasqualeberg, NY 13010','2020-04-01 02:51:20','135','24'),
('Eos cumque at qui minus saepe voluptatem. Et nihil consequuntur similique quae et minima. Reiciendis voluptatem et aut facere quia.','827 Raynor Row Apt. 247\nRosalindton, WI 07824-8161','2020-03-14 04:31:09','135','25'),
('Earum dolor omnis excepturi aut non rem atque amet. Commodi molestias eius corrupti cum quidem praesentium. Aspernatur et cupiditate molestiae voluptatem.','441 Lamar Camp Suite 788\nEast Ignaciobury, OH 74793-7787','2018-08-28 23:31:17','30','26'),
('Repudiandae et fugiat modi qui. Amet consequatur corrupti quis voluptatem minima. Similique assumenda vel sed vel.','60946 Mitchell Inlet Apt. 055\nFisherborough, WA 66417-8541','2019-01-02 11:07:12','90','27'),
('Et vel laborum velit rerum rerum. Culpa alias dignissimos asperiores earum tenetur ipsa voluptate sed. Reiciendis quisquam magnam soluta provident est saepe.','8843 Donavon Ramp Suite 755\nBergstromland, WV 35351-6625','2018-08-02 08:41:35','30','28'),
('Similique cumque pariatur eius veniam. Et nemo fuga facilis aut voluptatem magni occaecati. Maxime minima commodi ullam et ut.','1568 Kassulke Roads\nJuneville, IA 14581','2018-05-12 19:39:26','75','29'),
('Et tempora et distinctio. Ea quidem quis perspiciatis laborum quia vel. Odit perferendis qui doloremque provident. Esse et qui dignissimos facilis maxime aliquam sunt. Aliquam nemo ut expedita quis corrupti veniam dicta odio.','3280 Elinor Expressway\nRitatown, MD 88181','2019-03-08 07:09:00','45','30'),
('Veniam at illum omnis ipsa. Perspiciatis velit rerum velit sed. Doloribus ut sapiente iusto et magnam est nihil. Eius est enim id cupiditate ut eum.','846 Walsh Corners\nJosephineland, NH 09398','2018-11-27 23:08:03','30','31'),
('Voluptas consectetur dolore aut non. Autem aut harum quia maiores cupiditate excepturi. Quos quo nihil quia numquam nam. Non sit dolores quo suscipit adipisci.','408 Otto Curve\nPatsybury, CT 25715-5848','2019-09-01 13:46:46','60','32'),
('Consequuntur quos ut voluptatum qui sint fugiat. Consequatur similique quae neque optio accusamus aut est. Eos voluptatum cumque natus maxime et molestias dicta. Sunt velit corrupti quam fugit aperiam ipsam eius.','93392 Cheyenne Green Suite 133\nLake Helmerberg, MO 99968','2019-07-03 10:26:08','105','33'),
('Totam delectus eum sit. Ut eligendi et culpa totam laboriosam incidunt non. Labore fugiat deserunt enim enim animi. Vel itaque sequi rerum dolores nulla. Est qui adipisci dolorum voluptatibus cumque repudiandae id.','01674 Athena Key\nEast Annabel, IA 09619','2018-11-26 16:09:46','15','34'),
('Qui voluptate ex illum asperiores consequatur et. Rerum blanditiis placeat voluptatem asperiores. Ipsam veritatis eos dolor.','4928 Prohaska Divide Apt. 346\nEast Nestor, OK 48573-7062','2018-12-06 10:06:12','60','35'),
('Officia et totam ex ut ea. Recusandae totam ut voluptas. Qui aut dolorem ex unde. Fugit itaque qui voluptas saepe quam.','0852 Conn Glen\nNorth Vickie, CA 63422-6077','2020-03-23 19:04:43','180','36'),
('Sint cumque eos ad provident. Consectetur labore natus enim qui. Labore non id voluptatem nihil laborum. Perferendis fugiat totam vitae rerum sed beatae.','9833 Sanford Village Suite 567\nPort Randi, PA 03157-1052','2018-07-20 11:33:53','105','37'),
('Corporis ut voluptas dolorem totam voluptatem. Repudiandae assumenda velit unde autem expedita. Pariatur aut laboriosam praesentium voluptates. Ea explicabo nobis rem atque sed temporibus dolorem.','77365 Hansen Brooks Suite 869\nAufderharview, MI 49118-8566','2020-03-07 09:32:32','75','38'),
('Commodi nobis sit et laudantium repellendus vero et. Omnis facilis laborum animi omnis possimus sint. Excepturi consequatur aliquam ut sint placeat ea.','874 Windler Haven\nNorth Anahi, WV 82110','2020-01-12 13:37:04','135','39'),
('Enim est aspernatur est nemo. Sed eos aut necessitatibus quia. Esse et veritatis voluptate ab. Ullam vero odit sed delectus est. Doloremque numquam asperiores fuga libero quae impedit.','199 Blanda Key Suite 525\nRosemaryside, NM 10125','2019-12-20 18:45:56','180','40'),
('Ullam id voluptatem voluptas nostrum. Vero temporibus perferendis animi est blanditiis non. Optio fuga et fugiat saepe. Dolorem voluptatem sint distinctio quia.','5597 Gaylord Route Apt. 954\nSylviafurt, NC 93225-5021','2018-05-31 01:44:35','90','41'),
('Nemo enim aspernatur eveniet voluptatem. Odio sed consequuntur repellendus error harum porro fugit. Nihil ipsam dolor rerum aut. Voluptatibus fuga explicabo possimus recusandae consequatur aliquam.','188 Gutmann Station Suite 271\nSouth Xavier, KY 31955-7195','2019-02-03 06:27:12','150','42'),
('In illo sit quas tempore ea ea. Neque non tempora dolore deserunt quibusdam atque aut. Tenetur vel ea aut nostrum tempora blanditiis.','5451 Wyman Square Apt. 336\nNaomieberg, ID 02180','2019-01-26 22:49:11','60','43'),
('Ex explicabo eligendi laborum dolorem. Doloribus quod ducimus molestias et velit. Ratione autem quas voluptatem tempore. A ea fuga necessitatibus dignissimos officia.','1031 Reuben Way\nD\'Amoremouth, ME 56890','2019-12-29 04:30:08','60','44'),
('Tenetur saepe quia rerum sit aut beatae. Ut ut quia sint aperiam sed quo minus. Sit facere nihil expedita excepturi. In reiciendis ducimus quia eveniet id animi omnis.','5144 Herzog Square\nSamsonview, NJ 84024-8026','2018-12-23 02:25:55','150','45'),
('Ex perspiciatis facilis quaerat numquam. Omnis magnam dolore vitae quas minus eveniet rerum. Dolores animi dolor magni et. Distinctio quaerat officiis voluptas tempore cupiditate rerum minima.','497 Berge Drive\nSouth Florine, ND 09701','2018-11-09 21:22:05','180','46'),
('Numquam occaecati voluptatem eaque nobis libero aut et. Illum doloremque dolorem rem ut enim dolorem. Ipsam laboriosam repellendus quia iste.','697 Peter Fords Apt. 333\nJacobsonhaven, MD 93686-9314','2018-05-28 06:38:20','120','47'),
('Ut veritatis voluptas omnis nulla maiores ipsa consequatur molestiae. Alias et asperiores voluptatum quibusdam beatae maiores vitae. Iusto odio aut voluptates illum.','99138 Harmony Fields\nUptonton, KS 43221-5833','2020-04-19 17:01:10','150','48'),
('Id incidunt qui commodi omnis. Fugiat maiores rerum commodi dolores tempora. Esse et autem et soluta. Consequatur nisi voluptatem sequi. Quasi laboriosam ut quam aut.','24213 Tatum Park Apt. 376\nKemmerside, TN 16123-5037','2019-06-15 00:54:23','60','49'),
('Sed et sit sequi et consequatur. Magnam eaque dolorem sed deserunt qui. Aut enim eveniet id eveniet non rerum vel.','538 Guido Route\nFayport, SC 02179','2019-02-17 05:25:55','135','50'),
('Vel sint tempore accusantium tempore modi quisquam quia. Atque illo velit facilis. Dolores velit et officiis aut voluptates itaque a. Et quis eos enim explicabo.','8670 Turner Corner\nEmardstad, CA 69743-4415','2018-08-16 02:24:25','60','51'),
('Consectetur quia recusandae sunt expedita unde dolorem. Vitae corrupti eos sed aut enim sint amet. Quibusdam commodi et quos odio atque.','1531 Jadyn Mews\nPort Melvin, CA 34059-1568','2019-07-03 16:48:04','90','52'),
('Velit voluptatibus et sint sint eum autem labore. Ea aut enim hic laboriosam corrupti reiciendis fugiat. Ea odit ea possimus dignissimos.','914 Armstrong Lane Suite 728\nMayerttown, KY 00859','2019-09-29 08:27:30','180','53'),
('Omnis ut voluptatem molestias ut ex commodi. Et nihil eligendi aliquam ducimus qui. Voluptatibus neque ut accusantium nihil illo.','8827 Mueller Hills\nWest Delta, DE 35108','2019-06-15 00:56:05','45','54'),
('Ut voluptates qui id. Non fugiat ut qui veniam. Consequatur quaerat maxime ipsa aut beatae eos. Enim ratione numquam quia blanditiis temporibus ex.','3499 Eleonore Glens Apt. 107\nKathrynland, KS 01610-4137','2019-12-31 09:24:19','135','55'),
('Rerum aut quo fuga et. Et iure et ratione quod consequatur et. Assumenda molestias explicabo quas dicta autem et. Dolorem nulla repellat aliquid eius.','8649 Sipes Loop Suite 998\nSouth Sunnyfurt, MT 00464','2019-10-21 07:38:59','165','56'),
('Facere quaerat voluptates optio aut omnis voluptates. Qui placeat architecto qui dicta aut. Ducimus facere ut nihil consequatur dolores nemo quos et.','2563 Christy Plains Apt. 672\nMylestown, GA 34005','2018-07-05 12:32:52','75','57'),
('Incidunt commodi cupiditate sed accusantium architecto. Sequi dolorum quo unde sed et recusandae nemo. Dolores odio temporibus aut sint adipisci atque. Enim voluptatum et eum eius qui aut accusantium voluptas.','20999 Konopelski Keys\nMarcoland, TN 24856','2018-10-29 15:03:42','150','58'),
('Iste in voluptas quibusdam dolor quaerat expedita minima maxime. Et sed autem adipisci quisquam ut et.','31313 White Island Suite 744\nSouth Kariane, NC 79187','2019-11-25 19:44:42','120','59'),
('Reiciendis quis nostrum officiis aut. At omnis exercitationem aut corporis voluptate. Ipsum non asperiores architecto et rem et doloribus.','602 Loraine Ferry\nWest Babyborough, MA 68041','2018-07-05 00:50:45','45','60'),
('At quasi occaecati aut recusandae sunt voluptates eveniet. Dolorem incidunt est consequatur. Cumque velit repudiandae repellendus similique. Ipsum libero et doloribus fugit accusamus fugiat.','9834 Denis Square Apt. 697\nLake Aiyana, CT 97841','2019-03-16 18:44:41','135','61'),
('Ea corporis earum assumenda quia ex maxime cupiditate vero. Ut voluptatem ipsa beatae corporis. Et maiores quia asperiores quia qui doloremque nulla.','5651 King Union Apt. 179\nPort Fredrick, MD 13520-5746','2018-09-29 09:10:10','135','62'),
('Maxime in vel beatae ipsum. Ut doloremque nisi adipisci commodi dolores repellendus. Quia quia quibusdam eligendi id vero sint distinctio. Libero praesentium debitis adipisci.','47740 Giovanni Pass\nHirthemouth, TN 46804','2019-12-26 13:45:43','30','63'),
('Provident numquam eligendi sequi. Hic dolorum et temporibus ut cupiditate. Quo atque fuga eligendi reiciendis reprehenderit magni. Quam vitae qui maiores minima sed iste nostrum.','104 Cassandre View Suite 792\nJolieside, IL 27836-8177','2020-01-27 15:26:23','180','64'),
('Velit nisi recusandae vitae enim provident. Et et dolor et repellendus similique quis. Maxime ex corporis libero fuga veritatis cumque fuga.','7567 Delaney Causeway Apt. 957\nSouth Monaburgh, VA 32561-7650','2019-08-02 09:19:54','75','65'),
('Animi nihil sed sed at facere. Et corporis assumenda quos nisi est dolores iusto. Voluptatem dolor non minus ad corrupti soluta. Dolores esse optio aperiam ut corporis impedit.','680 Hilpert Key\nMarianeview, NM 88661-0599','2019-02-10 09:10:31','90','66'),
('Laborum enim et perspiciatis ex veniam. Non cumque accusamus eveniet. Incidunt exercitationem adipisci omnis sapiente fugit est deserunt.','166 Lura Prairie\nSouth Kristofferstad, ND 79410','2020-02-09 17:45:32','120','67'),
('Maxime voluptatibus blanditiis doloribus assumenda provident. Eos cupiditate veniam pariatur dolorem consequatur id eligendi. Ut autem reprehenderit debitis id nihil qui. Assumenda doloribus aut iure amet fugit dolor veritatis.','926 Van Summit Apt. 617\nBaileyland, WY 99488-6197','2018-11-27 19:27:37','90','68'),
('Et rem illum quisquam doloribus ex a. Tempore molestiae dolorem sit eaque rerum rem modi. Dolores impedit quae enim eum.','8052 Gottlieb Mountains Apt. 210\nAstridside, TN 03626','2019-07-17 15:49:59','45','69'),
('Iure labore alias qui libero fugit possimus. Consequatur quam modi corrupti iusto. In commodi aut corrupti alias et eos. Quia quisquam aperiam sapiente.','705 Tillman Ferry Apt. 896\nKelsiburgh, NV 52438-8952','2018-08-07 22:08:14','60','70'),
('Hic architecto qui amet. Quis nobis quaerat aliquid tempora eum enim quo. Non at repudiandae doloremque sapiente dolorem explicabo suscipit. Odit nobis omnis qui consequatur velit.','58726 Aurelia Manor Apt. 490\nPort Shaun, TX 16590','2019-12-08 17:40:00','60','71'),
('Et ut minima illum nemo ut. Vitae vero excepturi sed unde aut qui sit. Ea sapiente veritatis quam autem atque voluptatem qui. Omnis quo voluptatum sequi in dignissimos maiores. Eos iure facilis iusto a placeat accusantium.','243 Caroline Crescent\nDomenicaland, GA 80441-9819','2020-04-05 22:19:24','15','72'),
('Nobis voluptate vel magnam qui. Optio labore ipsum aut qui culpa aut fugit. Veniam fugiat sit autem dolorum repellendus. Vitae voluptatem consequatur amet debitis nesciunt numquam debitis.','022 Fleta Parks Apt. 366\nWest Elroychester, SC 30754-3324','2020-02-19 15:18:55','135','73'),
('Animi voluptas ad sunt est. Est aliquam commodi iusto deserunt accusamus sint placeat.','0242 Armstrong Courts\nWest Kailey, WA 43474-1061','2018-11-14 13:38:17','30','74'),
('Veniam et nemo tempora aspernatur voluptatum. Expedita eum sit sunt quasi saepe eos esse. Ut quis consequatur provident ipsum non nostrum aut. Dolorem fuga nulla quae.','73958 Iva Flats Suite 046\nLake Stuartchester, UT 61104','2019-12-26 08:07:04','120','75'),
('Repudiandae facere eveniet quaerat reiciendis aperiam officia quia. Ut deleniti voluptatum aut dolor. Ut amet consequatur quae consectetur enim veritatis facilis sit.','89213 Moen Spurs Apt. 132\nAmaniberg, VT 08997','2019-07-27 00:24:01','135','76'),
('Doloremque omnis temporibus et qui ex quas. Voluptatem consequatur blanditiis quo et eveniet. Dignissimos accusantium atque nulla laboriosam corrupti assumenda. Eaque dolores a consequuntur odit et.','415 Lubowitz Summit\nAngelaport, RI 64314-8919','2018-05-06 03:26:57','105','77'),
('Non et cumque dolores ea. Occaecati accusamus molestias non tenetur. Perferendis et voluptas et voluptatem sequi.','7656 Bergstrom Row Apt. 730\nFishermouth, CO 89968','2018-05-03 07:05:22','75','78'),
('Quis non dolore inventore voluptas et. Sed quis omnis est vel laborum.','088 Sydni Prairie\nKshlerinberg, AZ 42517-5061','2020-01-13 11:18:08','105','79'),
('Dolorum magnam aut ex ut perferendis amet sit. Voluptatem voluptate temporibus et. Iure voluptate similique amet iste.','068 Pouros Stravenue Suite 562\nStefaniemouth, AZ 69555','2019-08-17 08:06:34','60','80'),
('Et voluptatem voluptatem in quo facilis. Suscipit voluptatem aut reprehenderit dignissimos ea amet ut. Illum nihil dolorem dolore ab esse nostrum ut ut. Error atque ullam eius qui nihil. Repellendus sit dolores ut temporibus.','86202 Edna Key\nEast Bill, UT 32771-3857','2020-02-06 07:44:06','30','81'),
('Suscipit eum sed temporibus natus recusandae vel. Corrupti ipsum eos neque quasi quia magnam beatae. Repellat consequatur accusantium alias accusamus praesentium maxime. Exercitationem delectus dolores neque laborum quaerat et.','458 McDermott Ports Apt. 854\nNorth Roslynmouth, MO 15852','2019-04-27 15:14:41','30','82'),
('Nihil autem officia tempore. At eius omnis voluptate rerum minus.','6753 Maymie Bypass\nJefferystad, NY 40142-3037','2018-08-26 17:22:13','150','83'),
('Quia cumque cumque exercitationem. Dolor voluptatem quo quia et cumque sint quia cupiditate. Eum quo vero iure voluptas excepturi veritatis optio. Inventore explicabo quo eius incidunt iure dolorum labore quo.','6480 Olson Spring Apt. 282\nVergiebury, NE 03305-1700','2020-02-04 03:52:03','150','84'),
('Eum consequatur nulla enim enim unde deserunt. Aliquam vitae eaque recusandae assumenda magni libero modi. Dolores magnam odit voluptas. Culpa voluptas autem natus dolor eum aut.','7085 Volkman Estates Apt. 516\nNew Candelarioside, SC 57768','2020-01-07 15:14:12','90','85'),
('Id quos adipisci blanditiis et voluptas repudiandae. Non qui modi dolor fugit ad. Eligendi error rerum quibusdam rerum.','60330 Jayson Alley Apt. 657\nKatharinaborough, VT 04848-0249','2019-06-25 03:03:21','135','86'),
('Esse incidunt molestiae aut quia ab eaque. Qui optio in non est distinctio quod ut natus. Nihil error cupiditate optio eos.','5230 Odessa Branch Suite 173\nLake Eriberto, IN 79178-6784','2019-11-22 21:04:20','180','87'),
('Pariatur ipsam temporibus quia ut sit. Quidem sapiente esse qui repudiandae voluptatem cupiditate culpa. Nam quia animi quasi in.','6592 Hillary Valleys Apt. 875\nAlbinafort, CO 57201','2019-04-15 23:08:40','165','88'),
('Optio necessitatibus laudantium consequatur laboriosam. Et laborum itaque eos. Quis et velit vel incidunt aliquid facere saepe suscipit. Laborum qui repellat velit omnis.','3997 Steuber Ridges\nWest Ashtynmouth, TN 10597','2019-09-16 17:22:33','15','89'),
('Eum ratione qui repudiandae minima quam in quisquam. Deserunt dolorem minus beatae natus fugit sunt aut. Numquam qui esse saepe corporis in quisquam ab. Eum est iusto quisquam quia. Hic aut dolor consectetur inventore.','2182 Mauricio Gardens Apt. 772\nNew Norma, TX 36639-3387','2019-11-18 00:34:10','30','90'),
('Doloremque ut quam omnis ratione dolores suscipit aut. Molestias voluptate tenetur illo rerum nam sequi. Aliquid sit culpa atque iure ad quas dolor.','4354 Nella Isle Suite 516\nPort Cloydhaven, NH 57849-9347','2019-03-06 12:48:53','30','91'),
('Sit sed inventore quia eligendi similique ipsa. Dolore officia et necessitatibus quam in. Et in atque velit corporis fugiat.','390 Schmeler Spurs Suite 260\nRogeliomouth, NM 47384-2962','2019-06-12 23:21:33','135','92'),
('Voluptas accusamus possimus repellat consequuntur est blanditiis quia alias. Quis dolores amet veniam aperiam et dolorem error. Maxime nemo sint recusandae facere quo.','450 Elisa Estate Apt. 987\nLexusborough, MI 08800-0955','2019-11-18 05:59:47','90','93'),
('Maiores non accusamus recusandae molestias nisi qui quisquam. Molestiae nesciunt dolorem sunt. Earum inventore facere amet quasi vitae.','5755 Sipes Via Suite 304\nDuBuquefurt, MN 06453','2019-11-01 09:06:32','60','94'),
('Doloribus voluptas accusantium vero vel ut et veniam. Eum aut ullam eum dicta voluptas beatae error.','27860 Urban Lights\nSouth Siennafurt, SC 68859-9901','2018-07-22 08:59:37','30','95'),
('Dolore est odio ut. Similique quos reprehenderit sequi eveniet dolor sit. Mollitia ullam eum ut ex eligendi occaecati.','220 Abigale Flats Suite 620\nStromanfurt, OR 63995-2912','2019-04-08 14:23:26','105','96'),
('Eos qui officiis aliquid fugit non at. Voluptate quia cumque corrupti et rerum fuga aliquid. Similique voluptates occaecati culpa dignissimos. Ullam quo vitae rem deleniti ut.','272 Shields Village\nGreggburgh, AR 98925','2018-09-19 10:41:56','105','97'),
('Nobis neque non culpa est sint voluptatem et. Temporibus est provident qui velit. Autem soluta vel voluptate quod magni unde laudantium.','2730 Eva Circle Suite 196\nLake Sedrickmouth, IL 73122','2019-04-22 01:05:41','75','98'),
('Temporibus exercitationem explicabo aspernatur neque incidunt quas. Corrupti dolorem sit eligendi et quos quia autem tempore. Est sit quas et.','41872 Rita Branch Suite 704\nVedaburgh, OR 48985','2019-08-10 15:51:27','165','99'),
('Voluptatem beatae atque quidem maiores. Non ipsam sed error et facere. Beatae iure aut dolor.','1908 Mayer Isle\nLake Dudley, WY 12177','2019-10-09 16:56:39','120','100'); 



INSERT INTO `DataObjects` (DataType, Information, LessonId, CourseId) VALUES 
('0','Et vitae corrupti illum sequi possimus cum. Sit cumque consequatur vel incidunt consequuntur qui. Nihil eveniet excepturi veritatis tenetur non maiores laudantium. Fugit voluptates magnam eos. Corrupti recusandae cumque ipsa velit ratione cum. Et quaerat sit maxime reiciendis repellat ut beatae. Et nam omnis eius consectetur consequatur fuga. Fugiat inventore quia laboriosam dolore aut consequuntur ut odit.',NULL,'1'),
('0','Eligendi ducimus occaecati rerum debitis. Possimus similique ipsum omnis sunt voluptates voluptatibus. Aut facilis accusamus et porro error est reiciendis. Aut minus fuga quia sit. Inventore perspiciatis sapiente facilis ad ea. Ut sunt dolore corporis eum rem voluptatum illo. Pariatur harum sed optio suscipit at.',NULL,'2'),
('0','Atque aut explicabo voluptas sed aut qui. Eveniet vero dolor labore delectus ad. Ut corrupti illo minus ut dolorem labore quibusdam assumenda. Laboriosam molestias ut voluptas iure ea. Magnam illo est et autem beatae neque. Molestiae omnis libero autem quia ea quia quae.',NULL,'3'),
('0','Ad natus fugiat aut quia non totam. Esse fugit sed dolorem qui. Aut quos ratione ullam eligendi. Sed quia quae esse voluptate neque. Magni velit recusandae magni occaecati quisquam. Similique nam atque maiores et eum quisquam ut. Ipsum laudantium doloremque nam accusamus. Nulla temporibus accusantium deserunt. Qui quia est maiores sed expedita sit.',NULL,'4'),
('0','Perspiciatis dolores porro corrupti hic. Ad nesciunt debitis velit accusamus. Aut magni molestiae facere veritatis aut aliquam. Autem quaerat quidem culpa voluptatem voluptatem quis. Tempore veritatis eveniet non ea adipisci repudiandae deleniti. Quidem enim et incidunt expedita atque sit deleniti. Tenetur ipsum asperiores dicta tempora quaerat voluptatem qui. Iste autem et dolores.',NULL,'5'),
('0','Saepe sunt sint quas voluptatem temporibus placeat id dolore. Doloribus sunt voluptates id. Id nulla earum dignissimos commodi. Similique quam a aut quidem in eligendi. Doloremque quasi eum qui accusantium ea corporis placeat. Ab voluptatem enim aut aut minima ex. Ipsam quia enim eum esse. Commodi mollitia tenetur eum maiores eius. Inventore omnis provident in nostrum ratione sequi rerum.',NULL,'6'),
('0','Optio incidunt facilis consectetur. Harum iste eveniet aut et optio nihil et. Omnis eaque reprehenderit quia et occaecati sed. Ut ea magni aliquid hic eligendi. Suscipit facilis ut aut molestiae placeat fugiat. Fugiat ratione autem quia est eveniet non nisi. Iusto earum quasi sit in ipsam pariatur non.',NULL,'7'),
('0','Iste veniam dolores autem quia molestias nihil. Pariatur ea magni rem molestias. Rem alias nam quibusdam quibusdam ex eaque tenetur odit. Nesciunt doloribus quia nesciunt id occaecati quae. Fugiat sequi consequatur culpa tempore ut. Id voluptatem minus assumenda voluptas. Ea similique suscipit incidunt eveniet. Aperiam debitis dolor dolores.',NULL,'8'),
('0','Aliquid placeat nemo sapiente ratione omnis perferendis porro. Autem officia mollitia sequi laudantium iste accusamus harum. Ut molestiae quasi atque quos aspernatur. Rem voluptatem ex qui harum. Facere debitis modi consequatur sequi autem officia. Similique sunt quisquam minima quo ut nihil. Sunt praesentium expedita facilis dignissimos quis. Dolore adipisci dolorum in molestiae error. Sed temporibus aut harum vel. Illum voluptatem sint et cumque ut ducimus aspernatur.',NULL,'9'),
('0','Nulla ea officiis nam quae nesciunt officia dignissimos laborum. Suscipit fugit occaecati quasi nostrum animi dignissimos accusantium. Enim qui debitis qui rem dicta nisi non facere. Aliquam repellat minus sit qui. Veniam optio deleniti modi reiciendis enim id perferendis ratione. Accusamus ipsam qui nesciunt qui. Eaque voluptatem ea voluptatibus culpa. Repudiandae itaque labore aperiam occaecati magni optio non. Iste tempora enim voluptas est tenetur voluptatem. Atque molestiae repellat voluptatem rerum sit commodi.',NULL,'10'),
('0','Et ut doloribus qui libero. Ut quam molestiae aut expedita ducimus et. Id tempore nihil saepe est enim laudantium. Esse reiciendis dolores deserunt similique. Deserunt ab ipsam sint quis tenetur. Temporibus eveniet occaecati sapiente sit voluptatem et amet. Voluptatem repellat sed ad voluptas fuga odio. Similique quasi culpa veniam ut corporis. Molestiae mollitia velit omnis tempore. Maiores totam quaerat repellendus id odit velit nulla.',NULL,'11'),
('0','Recusandae omnis doloremque doloribus asperiores dolor possimus. Repudiandae consequatur exercitationem laudantium dolores eum dolor qui. Fugit quisquam adipisci vero explicabo repudiandae. Dignissimos eos maxime dolorem necessitatibus doloribus et unde nostrum. Quas qui aut earum tempora consequatur. Consequatur sunt fuga nihil qui asperiores. Magnam nam excepturi veritatis et in. Minus doloremque vel unde aut hic non. Reiciendis eveniet dolore dignissimos fugiat a. Molestiae voluptatem harum explicabo iste. Velit dolores ut illo sed dolor aut animi.',NULL,'12'),
('0','Quia et rerum ipsum quis et. Fuga impedit quo vitae tenetur neque. Omnis vel optio exercitationem aut eum voluptatum delectus. Deleniti est at quas rem aperiam quam dignissimos. Voluptatibus quia dolores voluptate rerum aliquid non eum. Magnam alias eius totam rem enim. Id et quam sed voluptas non.',NULL,'13'),
('0','Minus veritatis totam dolor adipisci facere est facere. Ea omnis nostrum quae ipsa aut eos. Illo accusamus occaecati aliquam eveniet voluptatem aut quos. Voluptas rerum iusto consequatur voluptatem consectetur nesciunt. Saepe labore accusantium qui est. Minima quia nisi reiciendis. Sapiente tempora quibusdam nihil magnam placeat cum minima. Sunt nisi ut voluptas accusantium odio nulla nostrum. Natus occaecati asperiores quam sed maxime facere.',NULL,'14'),
('0','Vel neque nemo quo harum. Officia fuga quia possimus deleniti quo voluptatem animi. Distinctio doloribus dolores tenetur et. Omnis atque magnam impedit neque. Dolore odio repellendus et. Vitae sit exercitationem expedita. Accusamus ipsam sint in fugiat tempora. Ut ullam vitae odio veritatis vel. Amet qui quam ea reprehenderit et. Quia ut sit nemo temporibus sit animi.',NULL,'15'),
('0','Laborum dicta facilis quisquam laborum et. Vitae iste aliquid earum corporis iusto et blanditiis aut. Ut officia beatae amet consequuntur incidunt et. Et reprehenderit totam officiis doloribus molestias earum. Iusto et fugiat quia enim eaque deserunt tempora. Dolores aliquid nam illo odio. Reiciendis laborum qui officia perferendis eligendi fugiat.',NULL,'16'),
('0','Voluptatem aspernatur repellat voluptas. Minus aliquam eveniet iure qui. Placeat quos voluptatibus vitae suscipit sed. Aut quos impedit ab voluptas nisi. Hic sunt maxime voluptatem neque voluptatem. Natus laudantium aut est dolor quos exercitationem accusamus. Quis qui at doloribus deserunt saepe eos ut. Vero consequatur autem dignissimos qui quia autem. Rerum et blanditiis mollitia saepe at.',NULL,'17'),
('0','Sint aliquid voluptas autem aliquid repudiandae. At minima exercitationem ipsa fugiat. Et hic accusantium ut fugit. Tempore quasi incidunt et dignissimos. Facere cumque distinctio doloribus dolor et tempora architecto. Dolore qui eaque repudiandae enim ab quae aliquid.',NULL,'18'),
('0','Et optio ad qui vitae vitae quis distinctio. Dolor sed enim veritatis doloremque. Nulla sint eos dolorem alias. Dolorem esse vel eius cum vel enim dolore. Pariatur sunt est reiciendis earum. Provident consequatur et excepturi qui. Ea error qui sequi nobis quo tempore ipsum.',NULL,'19'),
('0','Nihil exercitationem voluptas et laudantium saepe voluptatum in eligendi. Placeat iure quasi aut reprehenderit voluptatibus. Magnam assumenda quam consequatur possimus in sit et. Commodi consequatur qui doloremque. Voluptates enim velit corporis vero. Maiores nulla eos recusandae ipsum non et qui ut. Voluptate cum libero rerum sunt eaque. Ipsam et quo porro tempore occaecati soluta. Et animi minima in et recusandae delectus ut temporibus. Voluptas consectetur optio tenetur ratione et rerum unde.',NULL,'20'),
('0','Recusandae corporis voluptates sed. Repudiandae dolorem omnis perferendis nisi adipisci dignissimos. Quo sequi sed et sed. Voluptatibus earum omnis excepturi libero vel quisquam voluptas modi. Corrupti ipsum et eveniet vel vero quis sapiente sapiente. Quaerat aliquam culpa molestias quidem sunt praesentium laboriosam. Facere eos aut culpa animi sint ratione temporibus. Nostrum quia nesciunt cupiditate consequatur quia dicta.',NULL,'21'),
('0','Adipisci enim quasi nemo quia. Voluptatem beatae aut quas et rem sequi vel asperiores. Ut eos quo dolores qui dolor sint. Deleniti provident repudiandae atque sit veritatis tenetur. Quia minima dolor maiores enim ullam placeat quia. Voluptates et dolore temporibus accusantium rerum delectus consequatur. Vel architecto commodi sit quo.',NULL,'22'),
('0','Consectetur esse corporis repellat vel. Ut molestiae aut rem ratione. Dicta animi numquam quaerat animi. Doloribus veniam placeat id. Aut tempora dignissimos ullam consequatur. Eum ea pariatur id pariatur rem.',NULL,'23'),
('0','Similique ullam dolores quos reprehenderit occaecati molestias. Omnis repudiandae iste consectetur ut culpa. Recusandae dicta tenetur culpa ea voluptas culpa. Est ipsa sapiente consequatur dolor. Aliquam facilis praesentium quaerat rerum rerum. Facilis facilis provident illo perferendis et et a. Quasi tempora incidunt non occaecati voluptas quia numquam.',NULL,'24'),
('0','Rem nulla mollitia deserunt ipsa facere ut eligendi. Ratione repudiandae quasi quo odit sit. Autem nobis consequatur animi reprehenderit tempore. Doloribus suscipit nostrum minima ipsam consequatur facere est. Soluta et et sed repellendus officia delectus veniam. Quis mollitia quia quis eius consequatur ut optio. Excepturi nihil error consequuntur sapiente facilis natus aliquid. Nemo quos ullam quos quidem saepe qui et. Quisquam fuga esse natus voluptatem nam. Quae ratione animi cumque ut laudantium distinctio consequatur voluptatum.',NULL,'25'),
('0','Laboriosam fuga omnis saepe iste. Saepe consequuntur temporibus dolorem at dolorum vel voluptatum qui. Sit unde tempora non. Sit soluta consequatur sapiente autem. Aspernatur sapiente dolorem ea nihil aut eum. Nostrum consequuntur commodi consequuntur repudiandae sit. In explicabo iure consequatur repudiandae. Aut iure id et reiciendis. Consequatur perferendis sed modi sint. Dolor ullam ipsa ut sequi excepturi omnis. Qui labore quidem veritatis accusamus numquam quasi.',NULL,'26'),
('0','Dolor est et vitae dolor. Fugiat in nihil tempora quod. Rem enim temporibus a sunt tenetur vel qui. Reiciendis suscipit inventore quis rerum nobis eligendi quidem quos. Recusandae est omnis ullam non quo. Asperiores dignissimos enim consequatur nulla porro maxime. Voluptas ipsa maiores voluptatem odit. Minima aut aut aspernatur alias voluptas sint ducimus. Ea quisquam quos earum quia neque quasi. Quia saepe numquam voluptatibus quia quam fugit. Neque culpa ut est libero et.',NULL,'27'),
('0','Nostrum quasi nihil quaerat accusamus perspiciatis odit minima. Amet nostrum quaerat exercitationem unde minus facilis inventore excepturi. In temporibus impedit illo aut consequuntur maxime. Quae reiciendis enim accusantium nemo nihil dicta enim. Vitae nulla maxime nobis deserunt quas. Vel qui sunt cumque et ut earum. Quis rerum minus laudantium nulla qui. Dolores et nemo beatae reprehenderit. Eum voluptatem animi illo quia eos est. Qui quam perferendis reprehenderit voluptas veniam iure repudiandae.',NULL,'28'),
('0','Et sed occaecati consequatur consequatur rem. Doloribus voluptas qui sunt dolores libero. Voluptas harum magnam voluptate dolorum quo in. Sed quia hic repellat rerum impedit. Eius vel maxime earum et pariatur atque dignissimos. Deleniti est omnis similique nesciunt.',NULL,'29'),
('0','Sequi consequuntur unde voluptas eos at a et. Saepe omnis saepe velit quam praesentium vel. Quo consequatur totam consequuntur doloribus. Labore id tempora non voluptatem officia. Rem voluptas voluptas est repellat. Sit quia dicta et inventore sed. Consectetur omnis eaque vel ipsum quibusdam ut qui. Dicta dolore velit reiciendis consequatur ullam rem. Unde ex tempora sapiente at mollitia voluptatem aut. Veritatis a dolores ab saepe adipisci voluptatem. Et sed ipsam quasi. Ut est quos autem ipsa repellendus.',NULL,'30'),
('0','Beatae dolores reiciendis voluptatem laborum laboriosam vitae. Magnam asperiores ullam excepturi fugit quia quis. Esse minus veritatis voluptate similique. Optio fugit quia similique nemo. Consequatur tempore omnis rerum odio. Eum velit nobis natus est. Minima autem maiores voluptatem odit ut fuga. Exercitationem architecto et est. Omnis soluta incidunt itaque optio eos reiciendis eum.',NULL,'31'),
('0','Iure aliquid et temporibus ea et nostrum. Facere consectetur animi voluptate est autem porro. Deleniti voluptas vel ipsum sed neque. Ex sed totam qui voluptatem voluptatum. Ut nemo quia iusto officia in sed laudantium eius. Error animi sunt non esse unde voluptatem sit. Laudantium quae officia vero veniam sunt. Dolorem animi eos aliquid repellat tempora. Velit officia aut explicabo quo.',NULL,'32'),
('0','Incidunt doloribus enim hic reprehenderit molestias eveniet ut. Molestias perspiciatis consectetur quidem tempora sunt aperiam laboriosam quis. Iure veritatis quos odio quibusdam vero. Repudiandae illum ullam enim et vel qui. Non voluptatibus aut recusandae. Qui harum exercitationem libero quasi quia ad quaerat.',NULL,'33'),
('0','Est illum modi laborum ut et. Corporis dicta debitis illum quia consectetur et iure. Laudantium assumenda mollitia ut cumque et unde. Nam ipsum repellendus non nemo omnis porro. Officiis perferendis nam similique tempore amet molestiae. Laborum voluptatem eum optio assumenda. Pariatur alias distinctio a dolore quibusdam nulla. Dolores aliquam dolor et. Totam mollitia eveniet facere non enim nostrum. Earum consequatur omnis consequatur eum et.',NULL,'34'),
('0','Commodi consequatur tempora minima voluptas aut qui autem. Cupiditate nulla dolores architecto. Nostrum distinctio ea corporis consequatur vero veniam blanditiis. Quia voluptatem veritatis tempora omnis molestiae. Eveniet dolore est nostrum. Consequatur tenetur rerum voluptas vel eaque necessitatibus. Non odit quibusdam dolor fugit id ea. Minima aut ut eum quod adipisci quod incidunt. Delectus deleniti accusantium optio omnis voluptates. In ea eaque sunt hic cum corporis cumque.',NULL,'35'),
('0','Velit rerum quisquam sed odit. Ut et sapiente id totam. A et labore eum quia aut ut. Harum assumenda ut consequatur est. Cupiditate autem voluptatem autem qui. Rerum sed harum pariatur impedit placeat repudiandae. Amet aliquam et sapiente dolorem sunt. Non commodi cum laborum harum. Eos sapiente quis repellat.',NULL,'36'),
('0','Non quasi magni nihil iure sequi. Soluta sequi perferendis veniam exercitationem voluptatem eaque sint. Veniam qui consequatur atque nisi. Repellendus ut aut qui culpa asperiores nostrum. Laudantium atque in consectetur rerum. Quasi quidem nisi qui reprehenderit quo. Vel non esse sit dolorum est.',NULL,'37'),
('0','Nobis quia quasi fugiat commodi provident consequuntur quod. Perspiciatis minima excepturi nihil mollitia sapiente corporis. Incidunt necessitatibus repellat qui repellat exercitationem velit doloremque. Aliquam dolorem aut totam. Sit dolorum corrupti quo voluptates qui. Nesciunt est quis omnis vero. Praesentium ad aspernatur minima quis sed totam nihil. Temporibus eius est quasi. Est molestias est placeat.',NULL,'38'),
('0','Libero est recusandae voluptatem dolorum. Repellendus repellendus est omnis quas. Itaque ut laudantium cum dolor. Ut omnis eos omnis. Quasi repellendus aut quaerat quibusdam asperiores et. Pariatur quia earum facilis incidunt placeat facilis. Tenetur eum sapiente sed sit. A eligendi perspiciatis sequi. Est debitis id adipisci qui ipsum omnis.',NULL,'39'),
('0','Minima non aut ipsum nobis commodi. Quisquam est vel ut quo. Rem dolor maxime aperiam quia provident et fuga et. Accusantium recusandae quia alias molestiae saepe quos. Adipisci consequatur et eligendi facere est inventore. Temporibus quaerat illum totam nemo. In veniam incidunt quaerat enim eos voluptates. Harum aut quis nisi nesciunt ut officiis velit architecto. Porro natus et possimus sapiente consequatur.',NULL,'40'),
('0','Consectetur deserunt repellat accusamus consequatur. Aut a totam id fugiat. Enim earum quae neque amet. Ducimus vel omnis doloribus. Sunt quis laborum ex ratione suscipit a dolore praesentium. Repellendus architecto accusantium reprehenderit recusandae doloribus.',NULL,'41'),
('0','Incidunt occaecati facilis possimus in aliquid. Quis asperiores omnis corporis repellat et in dolorem ullam. Aut enim cupiditate recusandae velit aspernatur ea. Aliquam aperiam porro vero corrupti. Voluptas possimus ut minus nihil. Aut aliquid laudantium enim nisi et. Voluptatum deleniti perspiciatis distinctio et autem delectus est vitae. Natus est consequuntur recusandae modi tempore maiores aut. Et quam doloremque doloremque aspernatur maiores earum. Praesentium voluptatem alias sed quia. Quo totam consequatur ut sed iste sed.',NULL,'42'),
('0','Dolor ab aut omnis repellat eaque sunt at. Nulla et ipsa non id vel sapiente dolor. Enim quia molestiae et suscipit recusandae. Numquam modi recusandae suscipit quia eaque saepe atque. Autem a odio a. Voluptate ut voluptatibus sequi commodi quibusdam est eius sint. Voluptas blanditiis qui dolorum sapiente enim. Et quasi consequatur nesciunt officia voluptate quis.',NULL,'43'),
('0','Asperiores officiis quas nostrum odio. Rerum vero quia alias voluptates quod et molestiae excepturi. Illum voluptatem beatae est. Delectus a repellendus saepe animi saepe. Voluptate ut suscipit qui ut. Sunt iste a eum. Voluptatem harum doloribus minus et. Quo voluptatem sint itaque rerum velit.',NULL,'44'),
('0','Minima omnis at est nihil aut dolor. Et autem quia repellat ut odio earum ut et. Sapiente voluptatem dolorem non vel. Doloribus ratione ratione modi minus est molestiae. Fuga eos esse aliquid recusandae aperiam et placeat. Et blanditiis quidem modi nulla nam ut. Qui repudiandae reprehenderit molestiae dolorem natus est. Dolores sed et nemo pariatur quia ratione et. Quisquam doloremque porro quia velit.',NULL,'45'),
('0','Culpa omnis rerum maxime ducimus molestiae. Placeat explicabo ea odit amet. Et et atque culpa. Debitis numquam officia nostrum eligendi ex iste aliquam. Aut sit laborum facilis voluptatem possimus. Rerum nobis voluptatem in sint eius quo.',NULL,'46'),
('0','Pariatur id asperiores ea eos aliquid at modi doloribus. Laboriosam temporibus quam non consequatur error voluptatibus ut. Aperiam magnam vel et nisi adipisci eaque autem. Itaque quia aut molestias minima eius magnam. Minus nesciunt rerum accusantium repellat saepe sit. Quia adipisci assumenda ea tenetur omnis asperiores quisquam. Maxime quas alias assumenda similique.',NULL,'47'),
('0','Voluptas placeat atque sed maiores impedit dolor autem. Consequatur laborum ipsum quia aliquam sint repudiandae suscipit velit. Quis quasi fugit quis. Quisquam autem illum atque voluptates explicabo harum. Id quisquam dolores et quia harum. Enim odit adipisci nam sit cupiditate. Nostrum quia consequatur delectus perferendis aut sit porro. Est eveniet aut quia architecto dolore rem beatae. Accusamus necessitatibus magnam praesentium ratione omnis qui.',NULL,'48'),
('0','Ducimus et et assumenda at est. Voluptas alias harum quod nemo qui omnis et. Voluptatem qui et eos ad quidem. Pariatur iure explicabo velit iste sint. Et provident aliquid qui est dolore magni distinctio. Et odio cum quo quis modi. Et aut sint architecto asperiores.',NULL,'49'),
('0','Eaque illo libero eius. Corporis et quidem tempora deleniti. Aperiam optio pariatur qui et porro ea non. Deserunt quo doloremque suscipit. Dolores dolorem labore labore sed. Delectus odit asperiores facilis beatae.',NULL,'50'),
('0','Consectetur nostrum ut molestias neque nobis qui voluptatibus. Qui quisquam quae sint magni quibusdam est ut. Explicabo modi nisi quae itaque sed ut. Ea nihil commodi ut saepe. Recusandae nobis expedita dolorem mollitia praesentium praesentium. Rerum ut nemo vitae ea sint voluptas aut. Dolorum aut enim omnis qui vel. Dolor velit illum nam minus eos. Tempore at dignissimos est dolores modi assumenda sit.',NULL,'51'),
('0','Sed doloribus non qui dolore commodi fuga. Ea eligendi modi magnam quibusdam eligendi hic nemo. Blanditiis consequatur voluptas illum sit qui cupiditate. Repellat eum nam officiis qui saepe exercitationem. Qui vel adipisci rerum placeat aut. Autem dolore occaecati et et placeat libero. Culpa dolorum error iure blanditiis corporis molestias blanditiis.',NULL,'52'),
('0','Sit nisi laboriosam rerum repellat veritatis ratione modi. Dolores nesciunt et fuga rem. Dolor eaque nam rerum aut. Molestias quos consectetur et sunt qui enim. Quas odit quisquam placeat accusamus officia voluptatem. Doloribus aut temporibus est repudiandae debitis dolor ab autem. Error omnis non esse labore. Laborum animi eaque ut.',NULL,'53'),
('0','Nihil non ut sequi dolores. Natus ut corrupti id repudiandae porro. Nostrum magni totam dolor et aut. Vel alias aut qui ex et est. Quia optio doloremque et. Ab modi est voluptas.',NULL,'54'),
('0','Et praesentium animi tenetur. Et culpa est eaque tempora. Sunt sed illo iure ut in fugiat praesentium qui. Voluptas quos quod nisi omnis maiores quaerat et. Similique tempore atque totam dolorum quo libero reprehenderit. Aut officiis accusamus vel recusandae voluptatem aut est.',NULL,'55'),
('0','Quo quos sequi voluptatum delectus. Quae nesciunt consequatur eos. Expedita est at voluptas fugiat. Non ullam similique saepe dolorum perspiciatis molestiae. Debitis dicta labore voluptas voluptas maxime aliquam atque. Ut dolore voluptatem delectus hic odit facere. Sequi quidem quia quo eos qui perferendis libero. Quis adipisci quisquam odio totam aut.',NULL,'56'),
('0','Rerum laudantium molestias et reprehenderit tempore. Aliquid vel qui placeat ipsa. Velit vel necessitatibus est blanditiis ratione laboriosam sequi excepturi. Aut dicta qui est pariatur. Minima in voluptates amet voluptates aut. Eius aperiam quo iste placeat aut quo autem omnis. Rem beatae cumque reiciendis sed et sit. Modi qui harum minima doloribus. Possimus et architecto tempora nihil vero. Consectetur omnis ipsum libero cumque. Quaerat velit ut voluptatem accusantium perferendis.',NULL,'57'),
('0','Ea non quo quos qui accusantium sapiente quaerat. Odit officiis quis nesciunt tenetur molestiae magnam. Et qui et corrupti. Deserunt omnis esse unde quaerat. Voluptatem et quibusdam commodi provident autem et impedit. Earum minima nam consequatur magnam facilis. Aut et magni eligendi et reiciendis reiciendis et. Enim et maxime nam nulla quia vitae vero. Neque fugit sit quia earum.',NULL,'58'),
('0','Ipsa tempore aspernatur qui non. Commodi et inventore veniam cumque. Et vel sit ipsam eligendi. Eaque repudiandae vel unde et vel. Quia qui excepturi doloremque quam. Dolor voluptate blanditiis a et dolore provident. Sapiente ullam et consequuntur et in. Ullam assumenda eum inventore asperiores aut. Ea aut in maiores enim sint aut. Cum sed quae eos eum aut quia et. Beatae illum explicabo veritatis ut asperiores aut sunt.',NULL,'59'),
('0','Eos et mollitia tenetur id. Veritatis et placeat nisi placeat tenetur nostrum. Quae minus eos facere sed rem nobis. Inventore qui reiciendis blanditiis sit adipisci. Distinctio delectus nihil eos dolorum. Totam modi est quis quam.',NULL,'60'),
('0','Repellendus a aspernatur eveniet impedit maxime culpa est. Consequatur aliquam corrupti enim quia nostrum eos repudiandae. Minima rem aliquid similique quam officiis voluptas est iste. Adipisci culpa provident dicta reprehenderit illo sint provident. Ipsum voluptates quod omnis vero molestiae deleniti consequuntur. Non voluptatem delectus sequi neque ducimus. Est sint omnis sed et tempora. Rerum tenetur et nemo et explicabo et ut.',NULL,'61'),
('0','Itaque adipisci voluptate numquam sed rerum deleniti. Qui quia in repudiandae voluptas error vitae qui. Omnis excepturi id exercitationem magnam et in. Voluptatem placeat aut harum quia eveniet excepturi. Aut ut eos dolorem quae. Alias ducimus tempore deleniti dolorum ut optio distinctio. Deleniti id voluptatem eligendi iste et.',NULL,'62'),
('0','Soluta ex quaerat voluptatem eaque nostrum quos. Similique neque repellendus maiores nulla et voluptatem illum. Explicabo repudiandae cupiditate sapiente necessitatibus dignissimos. Illum molestiae similique et dolorem alias. Eveniet laborum iure quaerat doloribus nisi. Voluptate autem adipisci ad. Illo iste aliquid dicta porro sequi odio deleniti. Dolor ut voluptatem id ab. Accusamus rerum voluptatibus eius aut et.',NULL,'63'),
('0','Nihil eum error suscipit. Reiciendis minima similique consequatur cupiditate aperiam neque fugit quas. Doloremque nisi quia hic nobis ipsam. Dolores assumenda ipsum impedit aut rerum. Iste nostrum sit est fuga reprehenderit. Recusandae qui ut reiciendis eos perferendis et. Rerum et deleniti et dolor quia dolorem ea illo. Doloremque optio nam cum fugiat ipsam ad. Nam nulla reprehenderit ut delectus.',NULL,'64'),
('0','Soluta qui officiis sed repudiandae sunt est rem. Et maiores id facere eaque omnis et excepturi. Voluptas quisquam et et esse vitae temporibus. Vel quasi et tempora similique dolor aut. Atque adipisci soluta expedita quae. Est facilis rerum nemo ut.',NULL,'65'),
('0','Dolorem hic autem ipsa repellat aliquid fuga. Voluptatibus aliquam et minima est blanditiis et ab. Architecto distinctio quos asperiores aut. Tempora cum sunt iste laudantium ex nihil ratione recusandae. Sit est velit sit dolor voluptatem blanditiis. Autem quia eius sapiente sed. Iste sit voluptas quam voluptatibus tempora. Illum adipisci qui mollitia voluptas voluptate aperiam soluta. Ad consequatur doloribus tempore veniam.',NULL,'66'),
('0','Repellat distinctio necessitatibus exercitationem libero. Quis quisquam adipisci neque eius. Accusantium saepe libero voluptas corporis. Excepturi vel repellendus fugiat ut eos quos. Quae iusto et nam sed. Eaque nobis doloribus earum dolores delectus. Ipsum doloribus accusamus eos facere sit. Officiis vel vel cupiditate saepe sint. Totam pariatur esse odio totam occaecati consequatur tenetur qui. Ut aliquid adipisci temporibus. Id omnis sit culpa odit magnam suscipit officia.',NULL,'67'),
('0','Aut nemo neque voluptas quis doloremque ipsa. Sunt id alias quasi velit architecto pariatur. Quam et id accusamus rerum quis eos. Voluptates exercitationem rem ducimus qui impedit accusamus. Est et vel voluptas iure fugit modi. Repudiandae facere aliquid totam ducimus alias eos quis.',NULL,'68'),
('0','Ipsum quibusdam placeat fugit et neque magnam reprehenderit. Consequatur illum unde iure impedit esse sint libero molestiae. Vel non voluptas quis. Ut possimus numquam quia qui blanditiis et inventore. Et odit officia et nihil voluptatem quas recusandae. Eius nostrum eos eum in voluptatibus recusandae. Officia facilis sit ratione odio ut velit. Et quae ipsam ut provident. Perferendis amet debitis est corporis amet laborum. Et veniam aut quia voluptatem temporibus.',NULL,'69'),
('0','Doloribus sapiente quia omnis alias quisquam. Recusandae natus maxime distinctio natus sed consequatur optio. Voluptas officiis eum facere ratione. Dolores est qui unde. Ad eveniet in blanditiis et. Odio vel delectus et similique. Eum est fugit nihil et.',NULL,'70'),
('0','Repellat tempore iste omnis accusantium explicabo doloremque. Qui voluptatem soluta atque sint autem harum. Quo et aperiam eos officiis dolores esse est aut. Consequatur dolore ab molestias suscipit aut consequatur. Et alias aut sit adipisci consequuntur hic autem. Esse culpa sunt quo quam ut.',NULL,'71'),
('0','Placeat aut vel ab voluptatem neque voluptatem aut. Vel ad quod quo explicabo sunt quas. Nulla ea laborum deleniti officiis. Adipisci dolorum maiores voluptatem et. Facilis nesciunt tenetur omnis. Id voluptatum ut placeat atque placeat aut. Quaerat voluptatem sit numquam porro temporibus dolorem consequatur. Laboriosam eos fugiat sint et laborum.',NULL,'72'),
('0','Commodi explicabo quisquam dolorum a impedit et quaerat. Qui ipsam dolores possimus dolores harum rerum dolores. Vero est quia porro voluptas velit laborum. Illum nisi et aliquam. Distinctio ex architecto qui beatae iusto asperiores. Mollitia ea quasi ut atque ex consequuntur. Consequuntur esse voluptates corporis quae qui et. Aliquid id est sit. Sed dolor tempore officia saepe dolor atque consequuntur.',NULL,'73'),
('0','Ad vel harum voluptas eligendi. Cupiditate non quibusdam sequi ullam consequatur. Et in corrupti id voluptatem praesentium at omnis et. Dolore distinctio quidem sit magni eos laboriosam quam. Labore harum dolor laudantium fuga perspiciatis. Dicta aut nesciunt mollitia et aliquid nemo vel. Nesciunt odit quo tenetur quam placeat natus. Eius nihil et non commodi ea. Reprehenderit aut at nesciunt quos nemo illo est repellendus. Dolorum vel quos porro expedita libero quisquam vel.',NULL,'74'),
('0','Quo iusto consequuntur et eum vitae. Aliquam veniam quidem veritatis consectetur est eligendi. Fugit qui quis quidem. Minus odit sed necessitatibus doloremque. Velit quos eaque expedita. Ducimus ipsa voluptas nam temporibus labore ullam ut.',NULL,'75'),
('0','Debitis reprehenderit ut perferendis quisquam. Reiciendis quo sunt aut laborum. Qui rerum necessitatibus quo. Atque assumenda fuga aperiam rem unde aut modi quaerat. At suscipit ut aut ullam consequatur cumque. Quod aspernatur rerum optio omnis nemo sint non. Eos praesentium ea molestiae asperiores. Quis enim libero voluptate. Unde et dolore consequatur doloribus sit atque consectetur. Culpa qui at voluptas. Dolor tempore est corrupti asperiores eaque.',NULL,'76'),
('0','Est excepturi vero laudantium hic corrupti aperiam aliquid cumque. Ratione voluptatum doloremque sit consequuntur quia et provident doloribus. Magni aut non distinctio voluptatem et non. Doloribus quos natus cupiditate ut ea cupiditate alias vel. Iusto quasi eos enim voluptates explicabo sit. Ducimus perferendis minima qui excepturi. Temporibus at voluptatem quia non esse ut ad. Asperiores nulla autem cupiditate sunt. Ut delectus inventore doloribus molestiae suscipit.',NULL,'77'),
('0','Architecto veniam ad quod quis in magni. A aut facilis eos impedit quo. Quaerat eveniet necessitatibus ipsum eos cum ipsum. Vero consequatur illum libero dolor. Doloribus quibusdam consequuntur qui ad totam voluptatem. Quo aliquam voluptates quis vel sed. Et magnam blanditiis exercitationem esse expedita. Voluptatem earum dignissimos illo et omnis. Incidunt quo maxime asperiores incidunt incidunt nesciunt libero aut. Eum dignissimos voluptatem nam praesentium sed ab perferendis.',NULL,'78'),
('0','Nemo autem aut doloremque rerum dolorum similique. Voluptate eveniet ut reprehenderit quae aliquam. Sit beatae velit numquam modi reprehenderit nostrum. Dolores a minima enim consequuntur. Aperiam quia dicta magnam dolor est est ea sunt. Enim et eos nostrum nisi animi libero.',NULL,'79'),
('0','Eligendi ad praesentium pariatur distinctio ipsum voluptas. Voluptatum tempora quibusdam eveniet. Corporis rem doloribus nostrum et possimus facilis esse. Maiores eligendi excepturi qui est. Cupiditate quo fugit earum assumenda cupiditate in. Doloribus quia nulla et dolorem. Ad fugiat molestiae dolor repellat. Ratione quis nam odit ratione ut qui. Est ab assumenda illo. Ipsum qui adipisci qui corrupti porro nulla qui. Qui quia tempore quo dolore praesentium suscipit id.',NULL,'80'),
('0','Vel porro praesentium ut magnam laudantium perspiciatis. Tenetur odit dignissimos totam culpa non. Ut blanditiis enim autem et ut impedit perferendis. Consequatur consequuntur eveniet rerum illo non. Aperiam aperiam distinctio quia libero inventore. Voluptatem eius debitis aliquid sint. Dolorem aut necessitatibus cupiditate. Nostrum corrupti sint rem doloribus expedita. Et enim et sed aut doloremque suscipit qui. Ullam accusamus doloribus et ullam nisi sed.',NULL,'81'),
('0','Et minus dolorem incidunt molestiae beatae adipisci fuga. Animi necessitatibus sit iste aut natus. Temporibus rerum quia quisquam vel. Quia tempore dolor corporis possimus sapiente qui. Ut cumque officiis hic quis ducimus non unde occaecati. Ea magnam soluta molestiae sit eius fuga sit. Repellendus repudiandae voluptatem sed fuga. Dolorum veritatis necessitatibus recusandae officia. Fugit ea in ad nisi. Est dolorem facere ipsum et ut exercitationem nobis.',NULL,'82'),
('0','Corrupti et voluptas accusantium est sequi autem aperiam. Voluptates nihil occaecati delectus illo fuga et quo. Aut molestiae dignissimos laborum. Doloribus necessitatibus ut eveniet quisquam necessitatibus sunt cupiditate quia. Perspiciatis iure dolorem voluptas vel velit omnis. Distinctio minus eum consequatur odit aspernatur qui ut. Molestias quia a facilis. Facilis rerum vitae adipisci pariatur et. Voluptatem quis et et ea non at ut. Sed ullam voluptatem rem debitis qui.',NULL,'83'),
('0','Neque tenetur rerum soluta dolorem officia dicta. Libero necessitatibus explicabo quod dolor ratione aliquam. Unde harum autem est est voluptatem. Facilis praesentium illum quis inventore voluptatem dolores. Rem et voluptate et. Ut omnis illum modi et doloremque facere. Harum soluta perferendis voluptatum sunt et rerum rem. Sed vel provident aut modi laborum. Ut dolorem libero recusandae.',NULL,'84'),
('0','Voluptates delectus et itaque. Ex sit quo occaecati. Voluptatum aliquid et non dolor. Molestias totam inventore quibusdam enim. Provident sed neque facilis sit quia fugit at. Molestiae molestias reiciendis voluptatum quia natus adipisci quia aut. Consequuntur quis provident quas et praesentium. Eligendi a qui est repellendus est voluptatem. Blanditiis impedit enim et ut eius harum amet. Ducimus voluptas incidunt labore architecto deleniti dolor. Et ut architecto quia aut qui voluptas qui quibusdam. Impedit distinctio iure eos mollitia praesentium quam et.',NULL,'85'),
('0','Sit dolorem qui quia est incidunt deleniti quod nihil. Porro tempore enim qui ad aut. Explicabo eum amet omnis consectetur amet culpa voluptatem. Aspernatur est accusamus laudantium earum dolorum odio. At qui debitis hic quo. Omnis aliquam delectus officiis rerum.',NULL,'86'),
('0','Sint omnis voluptatem itaque quia eum sunt. Enim quos iure commodi est officia. Nisi eos maiores explicabo suscipit. Odit doloribus quia ut itaque enim. Nulla ipsa consectetur repudiandae hic delectus provident blanditiis. Aut ut nam et et quia. Et voluptate quam ducimus accusamus a. Omnis id quis distinctio voluptates.',NULL,'87'),
('0','Qui tenetur quidem sint sit. Est voluptas vero id est fugiat cumque accusamus. Et voluptatum nisi est natus sapiente voluptates aliquam. Ipsam commodi laborum illum voluptas molestiae suscipit aut. Eos quo laborum dolor in quia provident qui ratione. Eligendi voluptas aliquam et ducimus facilis. Et voluptas nobis et quas perspiciatis quibusdam. Molestiae natus aut incidunt quod voluptatum. Dolor hic quia iste odit dolor quisquam.',NULL,'88'),
('0','Rerum architecto quasi sint perferendis. Dignissimos consequatur consequatur sapiente aperiam hic. Quas itaque reiciendis vel officia et. Aut rerum ad ut quo vero nobis pariatur. Ut provident rerum repellat quas. Praesentium consequatur error illum et repellendus quia.',NULL,'89'),
('0','Voluptate error ea corporis eos sit iusto libero. Repudiandae optio voluptatibus cumque hic culpa ipsam deserunt deserunt. Animi ipsa quia commodi consequatur eveniet et et quos. Iure dolore consequuntur ipsa velit corporis perspiciatis et itaque. Eligendi aut accusantium commodi consequatur vel.',NULL,'90'),
('0','Reprehenderit sequi at sapiente ut est. Facere non culpa error quis. In rerum consequatur ipsa tempora qui eligendi provident. Et tempore aliquam alias enim illo repudiandae. Nulla repudiandae doloribus magni eaque. Ut excepturi molestias dicta harum molestias veniam. Autem ut et placeat excepturi pariatur voluptatum quisquam. Iste blanditiis eum iure dignissimos ipsa sequi. Sunt a sapiente earum dicta est vel molestiae. Officiis aliquam et sit.',NULL,'91'),
('0','Est quia facere et unde. Nihil molestias voluptatem dolorum deserunt repellendus deserunt aliquam et. Consequatur neque beatae ut minus. Et asperiores repellat fugit voluptas. Molestiae quas et veniam. Dolore non quod velit eius reiciendis consequatur maxime. Exercitationem saepe et ut minima possimus autem. Consectetur error et qui repellendus ea non accusamus possimus. Facere recusandae suscipit sint nostrum. Quis vitae et ex expedita est.',NULL,'92'),
('0','Laudantium ea tempora sunt suscipit rerum et minus. Illo voluptatem in enim molestiae voluptas eligendi. Error minus aut id consequatur. Qui voluptatem similique veritatis animi nulla expedita. Perferendis quibusdam cupiditate quia vero non et provident. Cum error id veniam incidunt nemo voluptate.',NULL,'93'),
('0','Sit eum ut at dignissimos blanditiis. Et veniam tempora tempora quia sunt. Ducimus qui id fuga dolorem labore illo quaerat accusamus. Quasi alias eius debitis dolore minus vel aut. Numquam velit consequatur nam dolorum. Et qui ut ipsum iure. Molestias autem qui voluptate laboriosam voluptate. Et ratione omnis dicta eius ex voluptatem. Corrupti illo eos deserunt. Aperiam dolores eum ratione voluptates non.',NULL,'94'),
('0','Cum hic adipisci blanditiis velit labore nemo. Rerum repudiandae dolorem vitae quo itaque consectetur. Dolorum modi quos qui. Est et ea id aut consequatur maiores. Quo praesentium porro id. Perferendis sunt ad facere distinctio distinctio et qui. Recusandae voluptas ut aut recusandae et. Dolor et in velit consectetur repudiandae blanditiis excepturi.',NULL,'95'),
('0','Minus ea asperiores eum iste repellendus eveniet doloremque. Sapiente id voluptatem asperiores ut. Ut laborum quia sapiente mollitia laboriosam molestiae. Quos quia perspiciatis provident ipsa odit qui optio. Et distinctio perferendis aut. Ipsa beatae id vel culpa. Placeat voluptatem non sunt qui. Iure ducimus culpa nemo rerum neque similique cupiditate.',NULL,'96'),
('0','Quia animi corrupti voluptatum expedita iste qui. Eos deleniti rerum error impedit omnis similique. Aspernatur odio maiores magni voluptatem. Repudiandae culpa excepturi iste voluptate rerum ipsam. Tempora libero inventore doloremque. Est eius qui nam non pariatur. Placeat minus laborum modi sunt. Omnis numquam itaque sunt aut alias. Labore adipisci aspernatur iusto nihil nulla nam voluptas. Natus repudiandae omnis aut voluptas vero et at.',NULL,'97'),
('0','Ad aut velit et exercitationem ipsum aut et reprehenderit. Maxime maxime vel placeat omnis explicabo modi. Possimus aperiam error officia eius dolores omnis adipisci. Ab eum possimus eligendi. Quia at qui deleniti tempore omnis voluptatem saepe. In corrupti animi est cumque. Dolores autem dolorem est quia sed. Quaerat in sequi et assumenda. Aut quisquam totam mollitia repellendus velit ratione. Sed exercitationem officia et totam qui et cupiditate at.',NULL,'98'),
('0','Est labore fuga accusantium. Est aliquam corporis adipisci vero. Quos laudantium quia veniam. Minima rerum sed facilis non cum sed quia. Ducimus ullam voluptatem quae et dicta omnis ullam. Beatae eum ea praesentium eaque nihil rerum ex.',NULL,'99'),
('0','Et suscipit cupiditate magnam commodi corrupti. Quibusdam nesciunt et dicta ea adipisci dolor quia. Dolore quas facilis sunt natus porro expedita. Sunt consectetur vero molestias repellendus placeat iure. Fugiat unde accusantium atque qui. Maxime consequatur maiores error quia. Corporis delectus explicabo ipsam et sapiente suscipit vero molestiae.',NULL,'100'); 